ID,Author,Checked By,Language,Country/Region,Question,Answer,Evidence_url,Question Automatic Translation,Question Corrected Translation,Answer Automatic Translation,Answer Corrected Translation,Translation Corrected By,Notes,URL language (if different from target language),category,difficulty,source_text
1,Lee,Vivienne,lat_latn,Rome,"Quid dari lex duodecim tabularum iubet, si morbus aevitasve eum qui in ius vocatur impedit?",Iumentum,"Decemviri, Lex Duodecim Tabularum, Lex XII Tabularum, tab. I 3 (The Latin Library (www.thelatinlibrary.com))",,What does the Law of the Twelve Tables order to be provided if sickness or age hinders the man summoned to court?,,"A yoke-beast (draught animal, i.e. transport)",Vivienne,,,ius,r,"Si morbus aevitasve vitium escit, iumentum dato."
2,Lee,Vivienne,lat_latn,Rome,Quot dies iusti debitori aeris confessi rebusque iure iudicatis lege duodecim tabularum dantur?,Triginta,"Decemviri, Lex Duodecim Tabularum, Lex XII Tabularum, tab. III 1 (The Latin Library (www.thelatinlibrary.com))",,How many days of grace does the Law of the Twelve Tables give a debtor after admission of the debt or lawful judgment?,,Thirty,Vivienne,,,ius,r,Aeris confessi rebusque iure iudicatis XXX dies iusti sunto.
3,Lee,Vivienne,lat_latn,Rome,Quibus nundinis creditoribus partes debitoris secare licet ex lege duodecim tabularum?,Tertiis nundinis,"Decemviri, Lex Duodecim Tabularum, Lex XII Tabularum, tab. III 6 (The Latin Library (www.thelatinlibrary.com))",,"On which market-day may the creditors cut their portions of the debtor, under the Law of the Twelve Tables?",,On the third market-day,Vivienne,,,ius,r,Tertiis nundinis partis secanto.
4,Lee,Vivienne,lat_latn,Rome,"Quot arbitri dantur ex lege duodecim tabularum, si vicini de finibus iurgant?",Tres,"Decemviri, Lex Duodecim Tabularum, Lex XII Tabularum, tab. VII (The Latin Library (www.thelatinlibrary.com))",,How many arbiters are appointed under the Law of the Twelve Tables when neighbors quarrel over their boundaries?,,Three,Vivienne,,,ius,r,Si iurgant . . . tres arbitri . . .
5,Lee,Vivienne,lat_latn,Rome,"Quot asses poenae sunt ex lege duodecim tabularum, si quis iniuriam alteri fecit?",Viginti quinque,"Decemviri, Lex Duodecim Tabularum, Lex XII Tabularum, tab. VIII 4 (The Latin Library (www.thelatinlibrary.com))",,How many asses is the penalty under the Law of the Twelve Tables if a man has committed a simple outrage (iniuria) against another?,,Twenty-five,Vivienne,,,ius,o,"si iniuriam faxsit, viginti quinque poenae asses sunto."
6,Lee,Vivienne,lat_latn,Rome,Ubi hominem mortuum sepeliri urive lex duodecim tabularum vetat?,In urbe,"Decemviri, Lex Duodecim Tabularum, Lex XII Tabularum, tab. X 1 (The Latin Library (www.thelatinlibrary.com))",,Where does the Law of the Twelve Tables forbid a dead man to be buried or burned?,,In the city,Vivienne,,,mores,o,Hominem mortuum in urbe ne sepelito neve urito.
7,Lee,Vivienne,lat_latn,Rome,Qua re rogum poliri lex duodecim tabularum vetat?,Ascea,"Decemviri, Lex Duodecim Tabularum, Lex XII Tabularum, tab. X 2 (The Latin Library (www.thelatinlibrary.com))",,With what tool does the Law of the Twelve Tables forbid the funeral pyre to be smoothed?,,With the adze (ascia) — the pyre wood was to be left rough,Vivienne,,,mores,r,hoc plus ne facito: rogum ascea ne polito.
8,Lee,Vivienne,lat_latn,Rome,"Quid homine mortuo legi vetat lex duodecim tabularum, quo post funus alterum fiat?",Ossa,"Decemviri, Lex Duodecim Tabularum, Lex XII Tabularum, tab. X 5 (The Latin Library (www.thelatinlibrary.com))",,"What does the Law of the Twelve Tables forbid to be gathered from the dead, for the purpose of holding a second funeral later?",,The bones,Vivienne,,,mores,o,"Homine mortuo ne ossa legito, quo post funus faciat."
9,Lee,Vivienne,lat_latn,Rome,Quod metallum cum mortuo poni lex duodecim tabularum vetat?,Aurum,"Decemviri, Lex Duodecim Tabularum, Lex XII Tabularum, tab. X 8 (The Latin Library (www.thelatinlibrary.com))",,Which metal does the Law of the Twelve Tables forbid to be placed with the dead?,,Gold,Vivienne,,,mores,b,Neve aurum addito.
10,Lee,Vivienne,lat_latn,Rome,Quae duo aromata cum lasare in ofellas garaton in excerptis Vinidarii teruntur?,Zingiber et cardamomum,"Vinidarius (ex Apicio), Apici excerpta a Vinidario, Apici excerpta a Vinidario 6 (Bibliotheca Augustana (www.hs-augsburg.de/~harsch), text after the Teubner edition (M. E. Milham))",,What two aromatics are ground with laser for the ofellae 'garaton' in the excerpts of Vinidarius?,,Ginger and cardamom,Vivienne,,,cibus,r,"OFELLAS GARATON: Lasar, zingiber, cardamomum et uno acetabulo liquaminis misces cum his omnibus tritis et ibi ofellas coques."
11,Lee,Vivienne,lat_latn,Rome,Quid piscibus scorpionibus rapulatis propter colorem in excerptis Vinidarii additur?,Crocum,"Vinidarius (ex Apicio), Apici excerpta a Vinidario, Apici excerpta a Vinidario 7 (Bibliotheca Augustana (www.hs-augsburg.de/~harsch), text after the Teubner edition (M. E. Milham))",,What is added for the sake of color to the scorpion fish with turnips in the excerpts of Vinidarius?,,Saffron,Vivienne,,,cibus,r,"PISCES SCORPIONES RAPVLATOS: Coquis in liquamen et oleo et cum mediaverit coctura, tolles. rapas elixas madidas et minutissime concisas manibus depressabis, ut humorem non habeant, et cum pisce obligas, et bulliat cum oleo abunde. et, iam bullivit, teres cuminum, lauri bacam dimidiam, addes propter colorem crocum. amulabis de oryza propter spissitudinem. superfundes et tunc inferes. addes modicum acetum."
12,Lee,Vivienne,lat_latn,Rome,"Ex quo legumine lomentum fit, quo vinum atrum apud Apicium candidum redditur?",Ex faba,"Apicius, De Re Coquinaria, liber I (Epimeles), Apicius, De Re Coquinaria 1.5 (The Latin Library (www.thelatinlibrary.com))",,From what legume is the meal made with which dark wine is turned white in Apicius?,,From the bean,Vivienne,,,cibus,r,Lomentum ex faba factum vel ovorum trium alborem in lagonam mittis et diutissime agitas: alia die erit candidum.
13,Lee,Vivienne,lat_latn,Rome,"Quo teguntur carnes, ut sine sale quovis tempore recentes sint, apud Apicium?",Melle,"Apicius, De Re Coquinaria, liber I (Epimeles), Apicius, De Re Coquinaria 1.7.1 (The Latin Library (www.thelatinlibrary.com))",,"With what are meats covered, according to Apicius, so that they stay fresh at any time without salt?",,With honey,Vivienne,,,cibus,b,"UT CARNES SINE SALE QUOVIS TEMPORE RECENTES SINT. Carnes recentes quales volueris melle tegantur, sed vas pendeat et, quando volueris, utere."
14,Lee,Vivienne,lat_latn,Rome,"In quo liquore carnem salsam prius coqui oportet, ut apud Apicium dulcis fiat?",In lacte,"Apicius, De Re Coquinaria, liber I (Epimeles), Apicius, De Re Coquinaria 1.8 (The Latin Library (www.thelatinlibrary.com))",,"In what liquid must salted meat first be boiled, according to Apicius, to make it sweet again?",,In milk,Vivienne,,,cibus,r,"Carnem salsam dulcem facies, si prius in lacte coquas et postea in aquam."
15,Lee,Vivienne,lat_latn,Rome,"Quo liquore ostrea lavantur, ut apud Apicium diu durent?",Aceto,"Apicius, De Re Coquinaria, liber I (Epimeles), Apicius, De Re Coquinaria 1.9.2 (The Latin Library (www.thelatinlibrary.com))",,With what liquid are oysters washed in Apicius so that they keep long?,,With vinegar,Vivienne,,,cibus,r,"OSTREA, UT DIU DURENT. Lavas ab aceto, aut ex aceto vasculum picitum lava, et ostrea compone."
16,Lee,Vivienne,lat_latn,Rome,Quibus foliis involuta omentata ad fumum apud Apicium suspenduntur?,Foliis lauri,"Apicius, De Re Coquinaria, liber II (Sarcoptes), Apicius, De Re Coquinaria 2.1.4 (The Latin Library (www.thelatinlibrary.com))",,Wrapped in what leaves are the omentata hung in the smoke in Apicius?,,In bay leaves,Vivienne,,,cibus,o,"Assas iecur porcinum et eum enervas. Ante tamen teres piper, rutam, liquamen, et sic superinmittis iecur et teres et misces, sicut pulpa omentata, et singula involvuntur folia lauri et ad fumum suspenduntur quamdiu voles."
17,Lee,Vivienne,lat_latn,Rome,Quo cum cocto omne holus apud Apicium smaragdinum fit?,Cum nitro,"Apicius, De Re Coquinaria, liber III (Cepuros), Apicius, De Re Coquinaria 3.1 (The Latin Library (www.thelatinlibrary.com))",,Cooked with what does every green vegetable turn emerald in Apicius?,,With nitrum (soda),Vivienne,,,cibus,o,"Omne holus smaragdinum fit, si cum nitro coquatur."
18,Lee,Vivienne,lat_latn,Rome,Quae holera hieme pro lactucis apud Apicium adhibentur?,Intubae,"Apicius, De Re Coquinaria, liber III (Cepuros), Apicius, De Re Coquinaria 3.18.1 (The Latin Library (www.thelatinlibrary.com))",,"What vegetable stands in for lettuce in winter, according to Apicius?",,Endives,Vivienne,,,cibus,r,"intubae ex liquamine, oleo modico medere cepa concisa. Pro lactucis vero hieme intubae ex embammate vel melle et aceto acri."
19,Lee,Vivienne,lat_latn,Rome,"Quo nomine ius pulli Vardani, lacte et albamentis ovorum confectum, apud Apicium appellatur?",Ius candidum,"Apicius, De Re Coquinaria, liber VI (Aeropetes), Apicius, De Re Coquinaria 6.8.11 (Bibliotheca Augustana (www.hs-augsburg.de/~harsch), text after the Teubner edition (M. E. Milham))",,"By what name is the sauce of the pullus Vardanus, made with milk and egg whites, called in Apicius?",,White sauce (ius candidum),Vivienne,,,cibus,o,"Pullus Vardanus: pullum coques iure hoc: liquamine, oleo, vino, cui mittis fasciculum porri, coriandri, satureiae. cum coctus fuerit, teres piper, nucleos cyathos duos et ius de suo sibi suffundis et fasciculos proicies. lac temperas, et reexinanies in mortarium supra pullum, ut ferveat. obligas eundem albamentis ovorum tritis, ponis in lance et iure supra scripto perfundis. hoc ius candidum appellatur."
20,Lee,Vivienne,lat_latn,Rome,"Quo cibo cochleae apud Apicium pascuntur, donec se retrahere non possint?",Lacte,"Apicius, De Re Coquinaria, liber VII (Polyteles), Apicius, De Re Coquinaria 7.16.1 (Bibliotheca Augustana (www.hs-augsburg.de/~harsch), text after the Teubner edition (M. E. Milham))",,On what food are snails fattened in Apicius until they can no longer draw themselves back into their shells?,,On milk,Vivienne,,,cibus,o,"Cochleas lacte pastas: accipies cochleas, spongizabis, membranam tolles, ut possint prodire. adicies in vas lac et salem uno die, ceteris diebus in lac per se, et omni hora mundabis stercus. cum pastae fuerint, ut non possint se retrahere . . . et ex oleo friges."
21,Lee,Vivienne,lat_latn,Rome,"Apud quos captiuus fuit Marcus Regulus, imperator populi Romani?",Apud Carthaginienses,"Augustine, De Civitate Dei, liber I, Augustine, De Civitate Dei 1.15 (The Latin Library (www.thelatinlibrary.com))",,"Among whom was Marcus Regulus, a general of the Roman people, a captive?",,Among the Carthaginians,Vivienne,,,historia,o,"Marcus Regulus, imperator populi Romani, captiuus apud Carthaginienses fuit."
22,Lee,Vivienne,lat_latn,Rome,Cui uictori se subicere dedignatus Cato mortem sibi consciuit?,Caesari,"Augustine, De Civitate Dei, liber I, Augustine, De Civitate Dei 1.24 (The Latin Library (www.thelatinlibrary.com))",,"To which victor did Cato disdain to submit, choosing instead to take his own life, as Augustine writes?",,To Caesar,Vivienne,,,historia,b,"Cato enim numquam Caesarem uicerat, cui uictus dedignatus est subici et, ne subiceretur, a se ipso elegit occidi."
23,Lee,Vivienne,lat_latn,Rome,"Cui Caesar, Aegypto potitus, regnum Aegypti tradidit, quae in fide praesidiisque eius permanserat?",Cleopatrae,"Auctor incertus (Corpus Caesarianum), De Bello Alexandrino, De Bello Alexandrino 33 (The Latin Library (www.thelatinlibrary.com))",,"To whom did Caesar, having taken control of Egypt, hand over the kingdom of Egypt, she who had remained loyal under his protection?",,To Cleopatra,Vivienne,,,historia,g,"Caesar Aegypto atque Alexandrea potitus reges constituit quos Ptolomaeus testamento scripserat atque obtestatus erat populum Romanum ne mutarentur. Nam maiore ex duobus pueris, rege, amisso minori tradidit regnum maiorique ex duabus filiis, Cleopatrae, quae manserat in fide praesidiisque eius; minorem, Arsinoen, cuius nomine diu regnasse impotenter Ganymeden docuimus, deducere ex regno statuit, ne qua rursus nova dissensio, prius quam diuturnitate confirmarentur regibus imperia, per homines seditiosos nasceretur."
24,Lee,Vivienne,lat_latn,Rome,"Quis ex Pompeianis Siciliam obtinebat, quam Caesar Curionem occupare iussit?",M. Cato,"Caesar, De Bello Civili, liber I, Caesar, De Bello Civili 1.30 (The Latin Library (www.thelatinlibrary.com))",,"Who held Sicily for the Pompeians, the province Caesar ordered Curio to seize?",,Marcus Cato (Cato the Younger),Vivienne,,,historia,o,"Mittit in Sardiniam cum legione una Valerium legatum, in Siciliam Curionem pro praetore cum legionibus duabus; eundem, cum Siciliam recepisset, protinus in Africam traducere exercitum iubet. Sardiniam obtinebat M. Cotta, Siciliam M. Cato; Africam sorte Tubero obtinere debebat."
25,Lee,Vivienne,lat_latn,Rome,Quis rex Numidarum P. Attio Varo apud Uticam auxilia adversus Curionem misit?,Rex Iuba,"Caesar, De Bello Civili, liber II, Caesar, De Bello Civili 2.25 (The Latin Library (www.thelatinlibrary.com))",,Which king of the Numidians sent auxiliaries to Publius Attius Varus at Utica against Curio?,,King Juba,Vivienne,,,historia,o,"Eodemque tempore his rebus subsidio DC Numidae ex oppido peditesque CCCC mittuntur a Varo, quos auxilii causa rex Iuba paucis diebus ante Uticam miserat."
26,Lee,Vivienne,lat_latn,Rome,"Quis Caesaris dux in Africa, amisso exercitu, ad Caesarem reverti recusans proelians interfectus est?",C. Curio,"Caesar, De Bello Civili, liber II, Caesar, De Bello Civili 2.42 (The Latin Library (www.thelatinlibrary.com))",,"Which of Caesar's commanders in Africa, having lost his army, refused to return to Caesar and was killed fighting?",,Gaius Curio,Vivienne,,,historia,o,"At Curio numquam se amisso exercitu, quem a Caesare fidei commissum acceperit, in eius conspectum reversurum confirmat atque ita proelians interficitur."
27,Lee,Vivienne,lat_latn,Rome,"Cum qua sorore, quam patria expulerat, Ptolemaeus bellum gerebat?",Cum Cleopatra,"Caesar, De Bello Civili, liber III, Caesar, De Bello Civili 3.103 (The Latin Library (www.thelatinlibrary.com))",,"With which sister, whom he had banished from the fatherland, was Ptolemy waging war?",,With Cleopatra,Vivienne,,,historia,b,"Ibi casu rex erat Ptolomaeus, puer aetate, magnis copiis cum sorore Cleopatra bellum gerens, quam paucis ante mensibus per suos propinquos atque amicos regno expulerat."
28,Lee,Vivienne,lat_latn,Rome,Ad quod oppidum maritimum Caesar Scipionis Iubaeque copias acie devicit?,Ad Thapsum,"Auctor incertus (Corpus Caesarianum), De Bello Africo, De Bello Africo 86 (The Latin Library (www.thelatinlibrary.com))",,At which coastal town did Caesar defeat in battle the forces of Scipio and Juba?,,At Thapsus,Vivienne,,,historia,o,"Caesar trinis castris potitus occisisque hostium X milibus fugatisque compluribus se recepit L militibus amissis, paucis sauciis in castra, ac statim ex itinere ante oppidum Thapsum constitit elephantosque LXIIII ornatos armatosque cum turribus ornamentisque capit."
29,Lee,Vivienne,lat_latn,Rome,In quo oppido Africae M. Cato sibi ipse mortem conscivit?,Uticae,"Auctor incertus (Corpus Caesarianum), De Bello Africo, De Bello Africo 93 (The Latin Library (www.thelatinlibrary.com))",,In which town of Africa did Marcus Cato take his own life?,,At Utica,Vivienne,,,historia,o,"C. Interim Vergilius postquam terra marique clausus se nihil proficere intellexit suosque interfectos aut fugatos, M. Catonem Uticae sibi ipsum manus attulisse, regem vagum ab suisque desertum ab omnibus aspernari, Saburram eiusque copias ab Sittio esse deletas, Uticae Caesarem sine mora receptum, de tanto exercitu reliquias esse nullas, ipse sibi suisque liberis a C. Caninio proconsule qui eum obsidebat, fide accepta seque et sua omnia et oppidum proconsuli tradit."
30,Lee,Vivienne,lat_latn,Rome,Qui populus Belgarum primus legatos ad Caesarem misit seque in fidem populi Romani permisit?,Remi,"Caesar, De Bello Gallico, liber II, Caesar, De Bello Gallico 2.3 (The Latin Library (www.thelatinlibrary.com))",,Which people of the Belgae was the first to send legates to Caesar and to commit itself to the protection of the Roman people?,,The Remi,Vivienne,,,historia,o,"Remi, qui proximi Galliae ex Belgis sunt, ad eum legatos Iccium et Andebrogium, primos civitatis, miserunt, qui dicerent se suaque omnia in fidem atque potestatem populi Romani permittere, neque se cum reliquis Belgis consensisse neque contra populum Romanum coniurasse."
31,Lee,Vivienne,lat_latn,Rome,"Quod flumen, ut Caesar scribit, fines Cassivellauni a maritimis civitatibus dividit?",Tamesis,"Caesar, De Bello Gallico, liber V, Caesar, De Bello Gallico 5.11 (The Latin Library (www.thelatinlibrary.com))",,"Which river, as Caesar writes, divides the territory of Cassivellaunus from the maritime states?",,The Tamesis (Thames),Vivienne,,,geographia,r,"summa imperi bellique administrandi communi consilio permissa Cassivellauno, cuius fines a maritimis civitatibus flumen dividit, quod appellatur Tamesis, a mari circiter milia passuum LXXX."
32,Lee,Vivienne,lat_latn,Rome,"Quae insula, ut Caesar tradit, medio in cursu inter Britanniam et Hiberniam sita est?",Mona,"Caesar, De Bello Gallico, liber V, Caesar, De Bello Gallico 5.13 (The Latin Library (www.thelatinlibrary.com))",,"Which island, as Caesar reports, lies midway in the passage between Britain and Ireland?",,Mona,Vivienne,,,geographia,o,"Alterum vergit ad Hispaniam atque occidentem solem; qua ex parte est Hibernia, dimidio minor, ut aestimatur, quam Britannia, sed pari spatio transmissus atque ex Gallia est in Britanniam. In hoc medio cursu est insula, quae appellatur Mona."
33,Lee,Vivienne,lat_latn,Rome,"Quod oppidum, a Sex. Pompeio cum praesidio tentum, caput Hispaniae ulterioris esse existimabatur?",Corduba,"Auctor incertus (Corpus Caesarianum), De Bello Hispaniensi, De Bello Hispaniensi 3 (The Latin Library (www.thelatinlibrary.com))",,"Which town, held with a garrison by Sextus Pompeius, was considered the capital of Further Spain?",,Corduba,Vivienne,,,geographia,o,"Erat idem temporis Sex. Pompeius frater qui cum praesidio Cordubam tenebat, quod eius provinciae caput esse existimabatur"
34,Lee,Vivienne,lat_latn,Rome,"Quae dea, caeruleo ponto creata, Idalium, Amathunta Golgosque colit apud Catullum?",Venus,"Catullus, Carmina, Catullus, Carmina 36 (The Latin Library (www.thelatinlibrary.com))",,"Which goddess, born of the blue sea, dwells in Idalium, Amathus, and Golgi according to Catullus?",,Venus,Vivienne,,,religio,o,"nunc o caeruleo creata ponto, quae sanctum Idalium Vriosque apertos quaeque Ancona Cnidumque harundinosam colis quaeque Amathunta quaeque Golgos quaeque Durrachium Hadriae tabernam"
35,Lee,Vivienne,lat_latn,Rome,Qui fratres gemini apud Catullum 'pilleati' dicuntur?,Castor et Pollux,"Catullus, Carmina, Catullus, Carmina 37 (The Latin Library (www.thelatinlibrary.com))",,Which twin brothers are called 'felt-capped' in Catullus?,,Castor and Pollux,Vivienne,,,mythos,b,"SALAX taberna uosque contubernales, a pilleatis nona fratribus pila"
36,Lee,Vivienne,lat_latn,Rome,Cui arbori 'marito' Romana vitis coniungi solet?,Ulmo,"Catullus, Carmina, Catullus, Carmina 62 (The Latin Library (www.thelatinlibrary.com))",,To what tree as its 'husband' is the Roman vine customarily wedded?,,To the elm,Vivienne,,,mores,o,"at si forte eadem est ulmo coniuncta marito, multi illam agricolae, multi coluere iuuenci"
37,Lee,Vivienne,lat_latn,Rome,Quam pellem lecti iuvenes Argivi Colchis avertere ausi sunt?,Auratam pellem,"Catullus, Carmina, Catullus, Carmina 64 (The Latin Library (www.thelatinlibrary.com))",,What fleece did the chosen Argive youths dare to carry off from the Colchians?,,The golden fleece,Vivienne,,,mythos,g,"cum lecti iuuenes, Argiuae robora pubis, auratam optantes Colchis auertere pellem ausi sunt uada salsa cita decurrere puppi"
38,Lee,Vivienne,lat_latn,Rome,"Qualia vela Theseus victor tollere debebat, ut patri Aegeo salutem suam significaret?",Candida,"Catullus, Carmina, Catullus, Carmina 64 (The Latin Library (www.thelatinlibrary.com))",,What kind of sails was the victorious Theseus to hoist to signal his safety to his father Aegeus?,,White ones,Vivienne,,,mythos,b,"quod tibi si sancti concesserit incola Itoni... annuit, ut tauri respergas sanguine dextram, tum uero facito ut memori tibi condita corde haec uigeant mandata... funestam antennae deponant undique uestem, candidaque intorti sustollant uela rudentes"
39,Lee,Vivienne,lat_latn,Rome,"Quae deae in nuptiis Pelei veridicum carmen cecinerunt, fila fusis ducentes?",Parcae,"Catullus, Carmina, Catullus, Carmina 64 (The Latin Library (www.thelatinlibrary.com))",,Which goddesses sang the truth-telling song at Peleus' wedding while drawing the threads on their spindles?,,The Parcae (the Fates),Vivienne,,,mythos,o,"cum interea infirmo quatientes corpora motu ueridicos Parcae coeperunt edere cantus... currite ducentes subtegmina, currite, fusi."
40,Lee,Vivienne,lat_latn,Rome,Quis filius Peleo et Thetidi nasciturus a Parcis canitur?,Achilles,"Catullus, Carmina, Catullus, Carmina 64 (The Latin Library (www.thelatinlibrary.com))",,What son do the Fates sing will be born to Peleus and Thetis?,,Achilles,Vivienne,,,mythos,b,"nascetur uobis expers terroris Achilles, hostibus haud tergo, sed forti pectore notus, qui persaepe uago uictor certamine cursus flammea praeuertet celeris uestigia ceruae."
41,Lee,Vivienne,lat_latn,Rome,In quod fretum Scamander amnis diffunditur?,In Hellespontum,"Catullus, Carmina, Catullus, Carmina 64 (The Latin Library (www.thelatinlibrary.com))",,Into what strait does the river Scamander pour?,,Into the Hellespont,Vivienne,,,geographia,o,"testis erit magnis uirtutibus unda Scamandri, quae passim rapido diffunditur Hellesponto"
42,Lee,Vivienne,lat_latn,Rome,Cuius feminae raptu Troia primores Argivorum ad sese civit?,Helenae,"Catullus, Carmina, Catullus, Carmina 68 (The Latin Library (www.thelatinlibrary.com))",,By the abduction of what woman did Troy begin to summon the chiefs of the Argives to itself.,,Of Helen,Vivienne,,,mythos,g,nam tum Helenae raptu primores Argiuorum coeperat ad sese Troia ciere uiros
43,Lee,Vivienne,lat_latn,Rome,Quod munus ardens ad tumulos mortuorum ponere Romani pii solebant?,Lucernam,"Anonymi (tituli sepulcrales), Epitaphia Romana (carmina epigraphica), Epitaphia Romana, Buecheler 1308 (The Latin Library (www.thelatinlibrary.com))",,What burning offering did dutiful Romans customarily place at the tombs of the dead?,,A lamp,Vivienne,,,religio,o,"quisque huic tumulo possuit ardente lucernam, illius cineres aurea terra tegat."
44,Lee,Vivienne,lat_latn,Rome,"Quibus numinibus tituli sepulcrales Romani, litteris D M notati, dedicari solent?",Dis Manibus,"Anonymi (tituli sepulcrales), Epitaphia Romana (carmina epigraphica), Epitaphia Romana, Buecheler 1609 (The Latin Library (www.thelatinlibrary.com))",,"To which divinities are Roman tombstones, marked with the letters D M, customarily dedicated?",,"To the Di Manes, the spirits of the dead",Vivienne,,,religio,o,"Dis Manibus sacrum. memoriae aeternae C. Valeri Saturnini, qui vixit annis noviens denis, prope convenientibus annis."
45,Lee,Vivienne,lat_latn,Rome,"Qua lege cautum est ut plebiscita universum populum tenerent, ut Gaius tradit?",Lege Hortensia,"Gaius, Institutiones, liber I, Gaius, Institutiones 1.3 (The Latin Library (www.thelatinlibrary.com))",,"By what law was it provided that plebiscites should bind the whole people, as Gaius reports?",,By the lex Hortensia,Vivienne,,,ius,o,"unde olim patricii dicebant plebiscitis se non teneri, quia sine auctoritate eorum facta essent; sed postea lex Hortensia lata est, qua cautum est, ut plebiscita universum populum tenerent."
46,Lee,Vivienne,lat_latn,Rome,"Quo vocabulo, e lingua Graeca sumpto, fautores Pompeiani histriones suos in parietibus acclamabant?",Calos,"Anonymi (tituli parietarii), Inscriptiones parietariae Pompeianae, Inscriptiones parietariae, Pompeii n. 309 (The Latin Library (www.thelatinlibrary.com))",,"With what word, borrowed from Greek, did Pompeian fans acclaim their actors on the walls?",,Calos' — 'bravo!' (Greek kalos),Vivienne,,,ludi,o,"calos Paris isse, Septentrio."
47,Lee,Vivienne,lat_latn,Rome,Quorum magistratuum nominibus Romani annos in titulis designare solebant?,Consulum,"Anonymi (tituli parietarii), Inscriptiones parietariae Pompeianae, Inscriptiones parietariae, Roma n. 219 (The Latin Library (www.thelatinlibrary.com))",,By the names of which magistrates did Romans customarily designate the year in inscriptions?,,The consuls',Vivienne,,,ius,b,"imperatore Antonino et Alessanro, Grato et Seleuco cos. Kalendis Iunis Celius Saturninus sebaciaria fecit"
48,Lee,Vivienne,lat_latn,Rome,"Quot viri publica auctoritate constituti sunt, ut leges duodecim tabularum conderentur, secundum Pomponium?",Decem,"Justinian (Corpus Iuris Civilis), Digesta, liber I, Justinian, Digesta 1.2.2.4 (Pomponius l.S. enchir.) (The Latin Library (www.thelatinlibrary.com))",,"How many men were appointed by public authority to establish the law of the Twelve Tables, according to Pomponius?",,Ten (the decemvirs),Vivienne,,,ius,o,"Placuit publica auctoritate decem constitui viros, per quos peterentur leges a graecis civitatibus et civitas fundaretur legibus: quas in tabulas eboreas perscriptas pro rostris composuerunt, ut possint leges apertius percipi. qui ipsi animadverterunt aliquid deesse istis primis legibus ideoque sequenti anno alias duas ad easdem tabulas adiecerunt: et ita ex accedenti appellatae sunt leges duodecim tabularum."
49,Lee,Vivienne,lat_latn,Rome,Ex quot syllabis constat dochmius?,Ex quinque,"Cicero; Vergil (pilot), Latin-specific pilot: prose rhythm (Cicero, Orator) and scansion (Vergil), Cicero, Orator 218 (The Latin Library (www.thelatinlibrary.com))",,Of how many syllables is the dochmius composed?,,Of five,Vivienne,,,lingua,r,"Dochmius autem e quinque syllabis, brevi, duabus longis, brevi, longa, ut est hoc: amicos tenes."
50,Lee,Vivienne,lat_latn,Rome,"Quo nomine mensis Sextilis, ex senatusconsulto, in honorem principis appellatus est?",Augustus,"Macrobius, Saturnalia, liber I, Macrobius, Saturnalia 1.12 (LacusCurtius (penelope.uchicago.edu), ed. L. von Jan (1852))",,"By what name was the month Sextilis renamed by decree of the senate, in honor of the emperor?",,August,Vivienne,,,historia,b,"Augustus deinde est qui Sextilis antea vocabatur, donec honori Augusti daretur ex senatusconsulto."
51,Lee,Vivienne,lat_latn,Rome,"Quibus Idibus, secundum Ciceronis epistolam ad Cassium apud Macrobium relatam, dictator Caesar occisus est?",Idibus Martiis,"Macrobius, Saturnalia, liber II, Macrobius, Saturnalia 2.3 (LacusCurtius (penelope.uchicago.edu), ed. L. von Jan (1852))",,"On which Ides, according to Cicero's letter to Cassius reported in Macrobius, was the dictator Caesar slain?",,On the Ides of March,Vivienne,,,historia,g,"ut hoc est ex epistola ad C. Cassium dictatoris violatorem: Vellem Idibus Martiis me ad coenam invitasses, profecto reliquiarum nihil fuisset."
52,Lee,Vivienne,lat_latn,Rome,"Cui deo soli antiquitas Salios sacerdotes dicaverat, ut apud Macrobium refertur?",Marti,"Macrobius, Saturnalia, liber III, Macrobius, Saturnalia 3.12 (LacusCurtius (penelope.uchicago.edu), ed. L. von Jan (1852))",,"To which god alone had antiquity dedicated the Salii priests, as reported in Macrobius?",,To Mars,Vivienne,,,religio,o,"Nam et Salios Herculi dedit, quos tantum Marti dicavit antiquitas."
53,Lee,Vivienne,lat_latn,Rome,"Quo nomine appellabatur porcus aliis animalibus intus inclusis fartus, ad similitudinem equi Troiani?",Porcus Troianus,"Macrobius, Saturnalia, liber III, Macrobius, Saturnalia 3.13 (LacusCurtius (penelope.uchicago.edu), ed. L. von Jan (1852))",,"By what name was a pig stuffed with other animals inside called, on the analogy of the Trojan horse?",,The 'porcus Troianus' (Trojan pig),Vivienne,,,cibus,o,"porcum Troianum mensis inferant, quem illi ideo sic vocabant, quasi aliis inclusis animalibus gravidum, ut ille Troianus equus gravidus armatis fuit."
54,Lee,Vivienne,lat_latn,Rome,Cuius dei imago e siligine ficta inter dona Saturnalicia editur apud Martialem?,Priapi,"Martial, Apophoreta (Epigrammaton liber XIV), Martial, Apophoreta 14.70 (The Latin Library (www.thelatinlibrary.com))",,"The image of what god, shaped from fine wheat flour, is eaten among the Saturnalian gifts in Martial?",,Of Priapus,Vivienne,,,cibus,o,"Si vis esse satur, nostrum potes esse Priapum: Ipsa licet rodas inguina, purus eris."
55,Lee,Vivienne,lat_latn,Rome,"Ex qua arbore scopae Romanae fieri solebant, ut testatur Martialis?",E palma,"Martial, Apophoreta (Epigrammaton liber XIV), Martial, Apophoreta 14.82 (The Latin Library (www.thelatinlibrary.com))",,"From what tree were Roman brooms usually made, as Martial attests?",,From the palm,Vivienne,,,mores,o,In pretio scopas testatur palma fuisse. Otia sed scopis nunc analecta dedit.
56,Lee,Vivienne,lat_latn,Rome,In quod animal Iuppiter propter Europam mutatus est?,In taurum,"Martial, Apophoreta (Epigrammaton liber XIV), Martial, Apophoreta 14.180 (The Latin Library (www.thelatinlibrary.com))",,Into what animal did Jupiter change for Europa?,,Into a bull,Vivienne,,,mythos,b,"Mutari melius tauro, pater optime divum, Tunc poteras, Io cum tibi vacca fuit."
57,Lee,Vivienne,lat_latn,Rome,Cuius urbis Aegyptiae miracula sunt pyramides?,Memphis,"Martial, Liber de Spectaculis, Martial, De Spectaculis 1 (The Latin Library (www.thelatinlibrary.com))",,"To which Egyptian city do the marvels of the pyramids belong, according to Martial?",,To Memphis,Vivienne,,,geographia,b,"Barbara pyramidum sileat miracula Memphis, Assyrius iactet nec Babylona labor;"
58,Lee,Vivienne,lat_latn,Rome,Quis heros leonem in valle Nemees prostravisse fama canebatur?,Hercules,"Martial, Liber de Spectaculis, Martial, De Spectaculis 6b (The Latin Library (www.thelatinlibrary.com))",,Which hero was famed in story to have laid low the lion in the valley of Nemea?,,Hercules,Vivienne,,,mythos,g,Prostratum uasta Nemees in ualle leonem nobile et Herculeum fama canebat opus.
59,Lee,Vivienne,lat_latn,Rome,Cuius animalis sanguine lacernae purpureae tinguntur?,Muricis,"Martial, Xenia (Epigrammaton liber XIII), Martial, Xenia 13.87 (The Latin Library (www.thelatinlibrary.com))",,With the blood of which creature are purple cloaks dyed?,,Of the murex,Vivienne,,,mores,b,"Sanguine de nostro tinctas, ingrate, lacernas induis, et non est hoc satis, esca sumus."
60,Lee,Vivienne,lat_latn,Rome,Cuius rei insigne erant vittae tenues feminarum Romanarum?,Pudoris,"Ovid, Ars Amatoria, liber I, Ovid, Ars Amatoria 1.31-32 (vittae) (The Latin Library (www.thelatinlibrary.com))",,Of what were the thin headbands (vittae) of Roman women the badge?,,Of chastity,Vivienne,,,mores,o,"Este procul, vittae tenues, insigne pudoris, Quaeque tegis medios, instita longa, pedes."
61,Lee,Vivienne,lat_latn,Rome,Quales deorum effigies in pompa Circensi ferebantur?,Eburnae,"Ovid, Ars Amatoria, liber I, Ovid, Ars Amatoria 1.147-148 (pompa Circensis) (The Latin Library (www.thelatinlibrary.com))",,Of what material were the images of the gods carried in the Circus procession?,,Of ivory,Vivienne,,,ludi,o,"At cum pompa frequens caelestibus ibit eburnis, Tu Veneri dominae plaude favente manu;"
62,Lee,Vivienne,lat_latn,Rome,Quae dea iudicio Paridis ambas aemulas formae vicit?,Venus,"Ovid, Ars Amatoria, liber I, Ovid, Ars Amatoria 1.247-248 (iudicium Paridis) (The Latin Library (www.thelatinlibrary.com))",,"Which goddess, by the judgment of Paris, defeated both her rivals in beauty?",,Venus,Vivienne,,,mythos,g,"Luce deas caeloque Paris spectavit aperto, Cum dixit Veneri 'vincis utramque, Venus.'"
63,Lee,Vivienne,lat_latn,Rome,Quibus gravidus erat equus ligneus quem Ilios laeta recepit?,Militibus,"Ovid, Ars Amatoria, liber I, Ovid, Ars Amatoria 1.363-364 (equus Troianus) (The Latin Library (www.thelatinlibrary.com))",,With what was the wooden horse pregnant which Troy joyfully received?,,With soldiers,Vivienne,,,mythos,g,"Tum, cum tristis erat, defensa est Ilios armis: Militibus gravidum laeta recepit equum."
64,Lee,Vivienne,lat_latn,Rome,"Qua materia, rasis tabellis infusa, litterae amatoriae Romae scribebantur?",Cera,"Ovid, Ars Amatoria, liber I, Ovid, Ars Amatoria 1.437-438 (cera et tabellae) (The Latin Library (www.thelatinlibrary.com))",,"On what material, spread over smoothed tablets, were love-letters written at Rome?",,On wax,Vivienne,,,mores,b,"Cera vadum temptet, rasis infusa tabellis: Cera tuae primum conscia mentis eat."
65,Lee,Vivienne,lat_latn,Rome,Cui Achilles corpus Hectoris prece motus donavit?,Priamo,"Ovid, Ars Amatoria, liber I, Ovid, Ars Amatoria 1.441-442 (Achilles et Priamus) (The Latin Library (www.thelatinlibrary.com))",,"To whom did Achilles, moved by prayer, give back the body of Hector?",,To Priam,Vivienne,,,mythos,g,Hectora donavit Priamo prece motus Achilles; Flectitur iratus voce rogante deus.
66,Lee,Vivienne,lat_latn,Rome,Quid capiti convivarum in conviviis Romanis imponi solebat?,Corona,"Ovid, Ars Amatoria, liber I, Ovid, Ars Amatoria 1.581-582 (corona convivalis) (The Latin Library (www.thelatinlibrary.com))",,What was customarily placed on the heads of guests at Roman banquets?,,A garland,Vivienne,,,mores,b,"Huic, si sorte bibes, sortem concede priorem: Huic detur capiti missa corona tuo."
67,Lee,Vivienne,lat_latn,Rome,"Quis heros, Actorides dictus, fidus Achilli sodalis fuit?",Patroclus,"Ovid, Ars Amatoria, liber I, Ovid, Ars Amatoria 1.743-744 (Actorides) (The Latin Library (www.thelatinlibrary.com))",,"Which hero, called 'Actorides' (descendant of Actor), was Achilles' faithful companion?",,Patroclus,Vivienne,,,mythos,g,"At non Actorides lectum temeravit Achillis: Quantum ad Pirithoum, Phaedra pudica fuit."
68,Lee,Vivienne,lat_latn,Rome,Cui deae Ulixes Troiam Simoentaque virga in litore depinxit?,Calypso,"Ovid, Ars Amatoria, liber II, Ovid, Ars Amatoria 2.131-134 (Troia in litore) (The Latin Library (www.thelatinlibrary.com))",,For which goddess did Ulysses draw Troy and the Simois with a staff on the beach?,,For Calypso,Vivienne,,,mythos,b,"Ille levi virga (virgam nam forte tenebat) Quod rogat, in spisso litore pingit opus. 'Haec' inquit 'Troia est' (muros in litore fecit): 'Hic tibi sit Simois; haec mea castra puta."
69,Lee,Vivienne,lat_latn,Rome,Cuius dei precibus Vulcanus corpora Martis et Veneris captiva resolvit?,Neptuni,"Ovid, Ars Amatoria, liber II, Ovid, Ars Amatoria 2.587-588 (preces Neptuni) (The Latin Library (www.thelatinlibrary.com))",,At which god's entreaties did Vulcan release the captive bodies of Mars and Venus?,,Neptune's,Vivienne,,,mythos,o,"Vix precibus, Neptune, tuis captiva resolvit Corpora: Mars Thracen occupat, illa Paphon."
70,Lee,Vivienne,lat_latn,Rome,"Quis heros, cui pinna mobilis in gemino pede fuit, Andromedam uxorem habuit?",Perseus,"Ovid, Ars Amatoria, liber II, Ovid, Ars Amatoria 2.643-644 (pinnae Persei) (The Latin Library (www.thelatinlibrary.com))",,"Which hero, who had a swift wing on each foot, had Andromeda as his wife?",,Perseus,Vivienne,,,mythos,b,"Nec suus Andromedae color est obiectus ab illo, Mobilis in gemino cui pede pinna fuit."
71,Lee,Vivienne,lat_latn,Rome,"Quorum nominibus Romani vina condita notabant, ut vetustas constaret?",Consulum,"Ovid, Ars Amatoria, liber II, Ovid, Ars Amatoria 2.695-696 (vinum consulibus notatum) (The Latin Library (www.thelatinlibrary.com))",,"By whose names did the Romans mark their stored wines, so that the vintage's age was known?",,By the consuls',Vivienne,,,cibus,o,"Qui properant, nova musta bibant: mihi fundat avitum Consulibus priscis condita testa merum."
72,Lee,Vivienne,lat_latn,Rome,Qua fronde Venus capillos vincire solet?,Myrto,"Ovid, Ars Amatoria, liber III, Ovid, Ars Amatoria 3.53-54 (myrtus Veneris) (The Latin Library (www.thelatinlibrary.com))",,With what foliage does Venus customarily bind her hair?,,With myrtle,Vivienne,,,religio,b,"Dixit, et e myrto (myrto nam vincta capillos Constiterat) folium granaque pauca dedit;"
73,Lee,Vivienne,lat_latn,Rome,Quo animali marino lana Tyria rubebat?,Murice,"Ovid, Ars Amatoria, liber III, Ovid, Ars Amatoria 3.169-170 (murex Tyrius) (The Latin Library (www.thelatinlibrary.com))",,From what sea-creature did Tyrian wool get its color,,From the murex,Vivienne,,,mores,b,"Quid de veste loquar? Nec vos, segmenta, requiro Nec te, quae Tyrio murice, lana, rubes."
74,Lee,Vivienne,lat_latn,Rome,Qua re aures sociorum Ulixis contra cantum Sirenum munitae erant?,Cera inlita,"Ovid, Ars Amatoria, liber III, Ovid, Ars Amatoria 3.313-314 (cera sociorum) (The Latin Library (www.thelatinlibrary.com))",,With what were the ears of Ulysses' companions sealed against the Sirens' song?,,With smeared wax,Vivienne,,,mythos,b,"His sua Sisyphides auditis paene resolvit Corpora, nam sociis inlita cera fuit."
75,Lee,Vivienne,lat_latn,Rome,Quid aurigae in Circo rota circueundum erat?,Meta,"Ovid, Ars Amatoria, liber III, Ovid, Ars Amatoria 3.395-396 (meta Circi) (The Latin Library (www.thelatinlibrary.com))",,What did the charioteer in the Circus have to round with his wheel?,,The turning-post (meta),Vivienne,,,ludi,o,"Spectentur tepido maculosae sanguine harenae, Metaque ferventi circueunda rota."
76,Lee,Vivienne,lat_latn,Rome,Quae avis 'Iovis ales' apud poetas Romanos dicitur?,Aquila,"Ovid, Ars Amatoria, liber III, Ovid, Ars Amatoria 3.419-420 (ales Iovis) (The Latin Library (www.thelatinlibrary.com))",,Which bird is called 'the bird of Jove' by the Roman poets?,,The eagle,Vivienne,,,mythos,b,"Ad multas lupa tendit oves, praedetur ut unam, Et Iovis in multas devolat ales aves."
77,Lee,Vivienne,lat_latn,Rome,"Quae Priamo sata vera de Troia monuit, cuius praeceptis si usa esset, Troia maneret?",Cassandra,"Ovid, Ars Amatoria, liber III, Ovid, Ars Amatoria 3.439-440 (sata Priamo) (The Latin Library (www.thelatinlibrary.com))",,"Which daughter of Priam gave true warnings about Troy, by whose counsels, had they been heeded, Troy would still stand?",,Cassandra,Vivienne,,,mythos,b,"Vix mihi credetis, sed credite: Troia maneret, Praeceptis Priamo si foret usa satae."
78,Lee,Vivienne,lat_latn,Rome,"Quot menses Romulus, conditor Urbis, in anno suo esse constituit?",Decem,"Ovid, Fasti, liber I, Ovid, Fasti 1.27-28 (The Latin Library (www.thelatinlibrary.com))",,"How many months did Romulus, the founder of the City, establish in his year",,Ten,Vivienne,,,religio,o,"Tempora digereret cum conditor Urbis, in anno constituit menses quinque bis esse suo."
79,Lee,Vivienne,lat_latn,Rome,Cuius dei primus mensis in anno Romuli fuit?,Martis,"Ovid, Fasti, liber I, Ovid, Fasti 1.39-40 (The Latin Library (www.thelatinlibrary.com))",,To which god did the first month of Romulus' year belong?,,To Mars,Vivienne,,,religio,o,"Martis erat primus mensis, Venerisque secundus; haec generis princeps, ipsius ille pater:"
80,Lee,Vivienne,lat_latn,Rome,"Quis rex duos menses, Iano et umbris avitis sacros, mensibus antiquis Romanorum praeposuit?",Numa,"Ovid, Fasti, liber I, Ovid, Fasti 1.43-44 (The Latin Library (www.thelatinlibrary.com))",,"Which king placed two months, sacred to Janus and to the ancestral shades, before the old Roman months?",,Numa,Vivienne,,,religio,o,"at Numa nec Ianum nec avitas praeterit umbras, mensibus antiquis praeposuitque duos."
81,Lee,Vivienne,lat_latn,Rome,Cuius deae curae Kalendae omnium mensium apud Romanos vindicantur?,Iunonis,"Ovid, Fasti, liber I, Ovid, Fasti 1.55 (The Latin Library (www.thelatinlibrary.com))",,To the care of which goddess are the Kalends of every month claimed at Rome?,,Juno's,Vivienne,,,religio,o,vindicat Ausonias Iunonis cura Kalendas;
82,Lee,Vivienne,lat_latn,Rome,Qui collis Romanus a Iano deo nomen accepit?,Ianiculum,"Ovid, Fasti, liber I, Ovid, Fasti 1.245-246 (The Latin Library (www.thelatinlibrary.com))",,Which Roman hill took its name from the god Janus?,,The Janiculum,Vivienne,,,geographia,b,"arx mea collis erat, quem volgo nomine nostro nuncupat haec aetas Ianiculumque vocat."
83,Lee,Vivienne,lat_latn,Rome,Quo liquore cornua capri ad aram Bacchi sparguntur?,Mero,"Ovid, Fasti, liber I, Ovid, Fasti 1.359-360 (The Latin Library (www.thelatinlibrary.com))",,With what liquid are the goat's horns sprinkled at Bacchus' altar?,,With unmixed wine,Vivienne,,,religio,b,"verba fides sequitur: noxae tibi deditus hostis spargitur adfuso cornua, Bacche, mero."
84,Lee,Vivienne,lat_latn,Rome,Quod animal geminos Romulum et Remum expositos nutrivit?,Lupa,"Ovid, Fasti, liber II, Ovid, Fasti 2.413-418 (The Latin Library (www.thelatinlibrary.com))",,What animal nursed the exposed twins Romulus and Remus?,,A she-wolf,Vivienne,,,mythos,g,"venit ad expositos, mirum, lupa feta gemellos: quis credat pueris non nocuisse feram? non nocuisse parum est, prodest quoque. quos lupa nutrit, perdere cognatae sustinuere manus. constitit et cauda teneris blanditur alumnis, et fingit lingua corpora bina sua."
85,Lee,Vivienne,lat_latn,Rome,Quis ultimus regum Romanorum fuit?,Tarquinius (Superbus),"Ovid, Fasti, liber II, Ovid, Fasti 2.687-688 (The Latin Library (www.thelatinlibrary.com))",,Who was the last of the Roman kings?,,Tarquin (the Proud),Vivienne,,,historia,b,"ultima Tarquinius Romanae gentis habebat regna, vir iniustus, fortis ad arma tamen."
86,Lee,Vivienne,lat_latn,Rome,Quo die ignis novus in arcana Vestae aede fieri dicitur?,Kalendis Martiis,"Ovid, Fasti, liber III, Ovid, Fasti 3.141-144 (The Latin Library (www.thelatinlibrary.com))",,On what day is the new fire said to be kindled in the inner shrine of Vesta?,,On the Kalends of March,Vivienne,,,religio,o,"Vesta quoque ut folio niteat velata recenti, cedit ab Iliacis laurea cana focis. adde quod arcana fieri novus ignis in aede dicitur, et vires flamma refecta capit."
87,Lee,Vivienne,lat_latn,Rome,Qui sacerdotes caelestia Martis arma per Urbem ferunt?,Salii,"Ovid, Fasti, liber III, Ovid, Fasti 3.259-260 (The Latin Library (www.thelatinlibrary.com))",,Which priests carry the heavenly arms of Mars through the City?,,The Salii,Vivienne,,,religio,o,Quis mihi nunc dicet quare caelestia Martis arma ferant Salii Mamuriumque canant?
88,Lee,Vivienne,lat_latn,Rome,Qua caeli parte Iuppiter Romulo urbem condenti tonitru et fulmina dedit?,Laeva,"Ovid, Fasti, liber IV, Ovid, Fasti 4.833-834 (The Latin Library (www.thelatinlibrary.com))",,From which side of the sky did Jupiter give thunder and lightning to Romulus as he founded the city?,,From the left,Vivienne,,,religio,o,"ille precabatur, tonitru dedit omina laevo Iuppiter, et laevo fulmina missa polo."
89,Lee,Vivienne,lat_latn,Rome,"Quae de tribus Saturni filiabus sola, impatiens viri, virgo restitit?",Vesta,"Ovid, Fasti, liber VI, Ovid, Fasti 6.285-288 (The Latin Library (www.thelatinlibrary.com))",,"Which of Saturn's three daughters alone remained a virgin, refusing a husband?",,Vesta,Vivienne,,,mythos,b,"ex Ope Iunonem memorant Cereremque creatas semine Saturni; tertia Vesta fuit. utraque nupserunt, ambae peperisse feruntur; de tribus impatiens restitit una viri."
90,Lee,Vivienne,lat_latn,Rome,"Quo telo Neptunus terram percussit, ut vias aquarum diluvio patefaceret?",Tridente,"Ovid, Metamorphoses, liber I, Ovid, Metamorphoses 1.283-284 (diluvium) (The Latin Library (www.thelatinlibrary.com))",,"With what weapon did Neptune strike the earth, to open the ways of the waters for the flood?",,With his trident,Vivienne,,,mythos,g,"Ipse tridente suo terram percussit, at illa intremuit motuque vias patefecit aquarum."
91,Lee,Vivienne,lat_latn,Rome,Ex quo metallo factum erat telum Cupidinis quod amorem facit?,Ex auro,"Ovid, Metamorphoses, liber I, Ovid, Metamorphoses 1.468-471 (Daphne) (The Latin Library (www.thelatinlibrary.com))",,Of what metal was Cupid's arrow made that causes love?,,Of gold,Vivienne,,,mythos,b,"eque sagittifera prompsit duo tela pharetra diversorum operum: fugat hoc, facit illud amorem; quod facit, auratum est et cuspide fulget acuta, quod fugat, obtusum est et habet sub harundine plumbum."
92,Lee,Vivienne,lat_latn,Rome,Quod metallum habet sub harundine telum Cupidinis quod amorem fugat?,Plumbum,"Ovid, Metamorphoses, liber I, Ovid, Metamorphoses 1.468-471 (Daphne) (The Latin Library (www.thelatinlibrary.com))",,What metal does Cupid's arrow that puts love to flight carry beneath its shaft?,,Lead,Vivienne,,,mythos,b,"eque sagittifera prompsit duo tela pharetra diversorum operum: fugat hoc, facit illud amorem; quod facit, auratum est et cuspide fulget acuta, quod fugat, obtusum est et habet sub harundine plumbum."
93,Lee,Vivienne,lat_latn,Rome,In cuius avis pennis Iuno centum oculos Argi occisi collocavit?,In pennis pavonis,"Ovid, Metamorphoses, liber I, Ovid, Metamorphoses 1.722-723 (Io) (The Latin Library (www.thelatinlibrary.com))",,On the feathers of what bird did Juno place the hundred eyes of the slain Argus?,,"On the feathers of the peacock, her own bird",Vivienne,,,mythos,o,Excipit hos volucrisque suae Saturnia pennis collocat et gemmis caudam stellantibus inplet.
94,Lee,Vivienne,lat_latn,Rome,"Qui magistratus Romani, ut prologus Amphitruonis innuit, palmam histrionibus in ludis dabant?",Aediles,"Plautus, Amphitruo, Plautus, Amphitruo prol. 72 (The Latin Library (www.thelatinlibrary.com))",,"Which Roman magistrates, as the prologue of the Amphitruo implies, awarded the palm to actors at the games?",,The aediles,Vivienne,,,ludi,o,"sive adeo aediles perfidiose cui duint, sirempse legem iussit esse Iuppiter, quasi magistratum sibi alterive ambiverit."
95,Lee,Vivienne,lat_latn,Rome,"Quis Thebis regnabat, cum Amphitruo contra Teloboas pugnaret?",Creo rex,"Plautus, Amphitruo, Plautus, Amphitruo 194 (The Latin Library (www.thelatinlibrary.com))",,Who was reigning at Thebes when Amphitruo fought the Teloboians?,,King Creon,Vivienne,,,mythos,b,regique Thebano Creoni regnum stabilivit suom.
96,Lee,Vivienne,lat_latn,Rome,Cuius monstri aenigma Oedipus solvit?,Sphingis,"Plautus, Poenulus, Plautus, Poenulus 443-444 (The Latin Library (www.thelatinlibrary.com))",,Whose riddle did Oedipus solve?,,The Sphinx's,Vivienne,,,mythos,b,"nam isti quidem hercle orationi Oedipo opust coniectore, qui Sphingi interpres fuit."
97,Lee,Vivienne,lat_latn,Rome,"Ad quem imperatorem Plinius minor epistulas decimi libri suas direxit, a quo vicissim responsa accepit?",Ad Traianum,"Pliny the Younger, Epistulae, liber X (ad Traianum), Pliny the Younger, Epistulae 10.1 (The Latin Library (www.thelatinlibrary.com))",,"To which emperor did Pliny the Younger address his letters of the tenth book, and from whom he received replies in turn?",,To Trajan,Vivienne,,,litterae,o,"C. Plinius Traiano imperatori. Tua quidem pietas, imperator sanctissime, optaverat, ut quam tardissime succederes patri; sed di immortales festinaverunt virtutes tuas ad gubernacula rei publicae quam susceperas admovere."
98,Lee,Vivienne,lat_latn,Rome,Quis Graecorum primus solis defectum praedixisse a Plinio traditur?,Thales Milesius,"Pliny the Elder, Naturalis Historia, liber II, Plinius, Naturalis Historia 2.53 (The Latin Library (www.thelatinlibrary.com))",,Which of the Greeks is recorded by Pliny as the first to have predicted a solar eclipse?,,Thales of Miletus,Vivienne,,,historia,o,"apud Graecos autem investigavit primus omnium Thales Milesius Olympiadis XLVIII anno quarto praedicto solis defectu, qui Alyatte rege factus est urbis conditae anno CLXX."
99,Lee,Vivienne,lat_latn,Rome,Qui montes Hispanias Galliasque inter se disterminant secundum Plinium?,Pyrenaei montes,"Pliny the Elder, Naturalis Historia, liber III, Plinius, Naturalis Historia 3.30 (The Latin Library (www.thelatinlibrary.com))",,"Which mountains separate the Spains from the Gauls, according to Pliny?",,The Pyrenees,Vivienne,,,geographia,b,Pyrenaei montes Hispanias Galliasque disterminant promunturiis in duo diversa maria proiectis.
100,Lee,Vivienne,lat_latn,Rome,Qui fluvius quondam finis Italiae fuisse a Plinio dicitur?,Rubico,"Pliny the Elder, Naturalis Historia, liber III, Plinius, Naturalis Historia 3.115 (The Latin Library (www.thelatinlibrary.com))",,Which river does Pliny say was once the boundary of Italy?,,The Rubicon,Vivienne,,,geographia,g,"fluvius Rubico, quondam finis Italiae."
101,Lee,Vivienne,lat_latn,Rome,"Sub quo monte oppidum Delphi, cum clarissimo Apollinis oraculo, situm esse Plinius tradit?",Sub monte Parnaso,"Pliny the Elder, Naturalis Historia, liber IV, Plinius, Naturalis Historia 4.7 (The Latin Library (www.thelatinlibrary.com))",,"Under which mountain does Pliny say the town of Delphi, with its most famous oracle of Apollo, is situated?",,Under Mount Parnassus,Vivienne,,,geographia,b,"a quo VII p. introrsus liberum oppidum Delphi sub monte Parnaso, clarissimi in terris oraculi Apollinis."
102,Lee,Vivienne,lat_latn,Rome,Inter quae duo flumina regionem Mesopotamiam sitam esse Plinius tradit?,Inter Euphraten et Tigrin,"Pliny the Elder, Naturalis Historia, liber V, Plinius, Naturalis Historia 5.66 (The Latin Library (www.thelatinlibrary.com))",,Between which two rivers does Pliny say the region of Mesopotamia lies?,,Between the Euphrates and the Tigris,Vivienne,,,geographia,g,"ac magis etiamnum meridiana Babylonia, eadem Mesopotamia inter Euphraten et Tigrin."
103,Lee,Vivienne,lat_latn,Rome,"Quem unum Marcellus, captis Syracusis, violari vetuit, ut Plinius tradit?",Archimeden,"Pliny the Elder, Naturalis Historia, liber VII, Plinius, Naturalis Historia 7.125 (LacusCurtius (Mayhoff/Teubner edition) — NOT the Latin Library; this book is absent from the Latin Library corpus and was fetched separately, normalized to the corpus's plain-text style.)",,"Whom alone did Marcellus forbid to be harmed when Syracuse was captured, according to Pliny?",,Archimedes,Vivienne,,,historia,o,"Grande et Archimedi geometricae ac machinalis scientiae testimonium M. Marcelli contigit interdicto, cum Syracusae caperentur, ne violarentur unus, nisi fefellisset imperium militaris inprudentia."
104,Lee,Vivienne,lat_latn,Rome,"Quam insulam Claudius, post Diuum Iulium a nullo temptatam, expeditione sua in deditionem recepit?",Britanniam,"Suetonius, Divus Claudius, Suetonius, Divus Claudius 17 (The Latin Library (www.thelatinlibrary.com))",,"Which island, untried by anyone since the deified Julius, did Claudius receive in surrender by his expedition?",,Britain,Vivienne,,,historia,o,"Cum decretis sibi a senatu ornamentis triumphalibus leviorem maiestati principali titulum arbitraretur velletque iusti triumphi decus, unde adquireret Britanniam potissimum elegit, neque temptatam ulli post Diuum Iulium et tunc tumultuantem ob non redditos transfugas."
105,Lee,Vivienne,lat_latn,Rome,Quod carmen Augustus Horatio componendum iniunxit?,Carmen Saeculare,"Suetonius (Vita Horati), Vita Horati (Suetonius), Suetonius, Vita Horati (The Latin Library (www.thelatinlibrary.com))",,What poem did Augustus charge Horace with composing?,,The Carmen Saeculare (Secular Hymn),Vivienne,,,litterae,o,"Scripta quidem eius usque adeo probavit mansuraque perpetuo opinatus est, ut non modo Saeculare carmen componendum iniunxerit sed et Vindelicam victoriam Tiberii Drusique, privignorum suorum, eumque coegerit propter hoc tribus Carminum libris ex longo intervallo quartum addere;"
106,Lee,Vivienne,lat_latn,Rome,Quo collega Caesar primum consulatum gessit?,Cum Marco Bibulo,"Suetonius, Divus Iulius, Suetonius, Divus Iulius 19 (The Latin Library (www.thelatinlibrary.com))",,With which colleague did Caesar hold his first consulship?,,With Marcus Bibulus,Vivienne,,,historia,r,Igitur cum Bibulo consul creatur.
107,Lee,Vivienne,lat_latn,Rome,"Quot dierum annum Caesar, fastos corrigens, ad cursum solis accommodavit?",Trecentorum sexaginta quinque (365),"Suetonius, Divus Iulius, Suetonius, Divus Iulius 40 (The Latin Library (www.thelatinlibrary.com))",,"To how many days did Caesar set the year when, reforming the calendar, he adjusted it to the course of the sun?",,Three hundred sixty-five (365),Vivienne,,,historia,g,"Conuersus hinc ad ordinandum rei publicae statum fastos correxit iam pridem uitio pontificum per intercalandi licentiam adeo turbatos, ut neque messium feriae aestate neque uindemiarum autumno conpeterent; annumque ad cursum solis accommodauit, ut trecentorum sexaginta quinque dierum esset et intercalario mense sublato unus dies quarto quoque anno intercalaretur."
108,Lee,Vivienne,lat_latn,Rome,Quam litteram Caesar in notis suis pro A scribebat?,D (quartam litteram),"Suetonius, Divus Iulius, Suetonius, Divus Iulius 56 (The Latin Library (www.thelatinlibrary.com))",,Which letter did Caesar write in place of A in his cipher?,,D (the fourth letter),Vivienne,,,lingua,r,"quae si qui inuestigare et persequi uelit, quartam elementorum litteram, id est D pro A et perinde reliquas commutet."
109,Lee,Vivienne,lat_latn,Rome,Quo nomine Nero domum suam ingentem a Palatio ad Esquilias porrectam appellavit?,Auream (domum auream),"Suetonius, Nero, Suetonius, Nero 31 (The Latin Library (www.thelatinlibrary.com))",,By what name did Nero call his huge house stretching from the Palatine to the Esquiline?,,The Golden (the Domus Aurea),Vivienne,,,historia,b,"Non in alia re tamen damnosior quam in aedificando domum a Palatio Esquilias usque fecit, quam primo transitoriam, mox incendio absumptam restitutamque auream nominavit."
110,Lee,Vivienne,lat_latn,Rome,"Quam urbem Titus, ad perdomandam Iudaeam relictus, novissima oppugnatione cepit?",Hierosolyma,"Suetonius, Divus Titus, Suetonius, Divus Titus 5 (The Latin Library (www.thelatinlibrary.com))",,"Which city did Titus, left to subdue Judaea, capture in the final assault?",,Jerusalem,Vivienne,,,historia,o,"Cuius brevi compos, et ad perdomandam Iudaeam relictus, novissima Hierosolymorum oppugnatione duodecim propugnatores totidem sagittarum confecit ictibus, cepitque ea natali filiae suae tanto militum gaudio ac favore, ut in gratulatione imperatorem eum consalutaverint."
111,Lee,Vivienne,lat_latn,Rome,Qui mons in Campania sub Tito principe conflagravit?,Vesuvius (Vesevus),"Suetonius, Divus Titus, Suetonius, Divus Titus 8 (The Latin Library (www.thelatinlibrary.com))",,Which mountain in Campania erupted during the reign of Titus?,,Vesuvius (Suetonius' spelling: 'Vesevus'),Vivienne,,,historia,g,"Quaedam sub eo fortuita ac tristia acciderunt, ut conflagratio Vesevi montis in Campania, et incendium Romae per triduum totidemque noctes, item pestilentia quanta non temere alias."
112,Lee,Vivienne,lat_latn,Rome,In quot libros Vergilius Aeneida digessit?,In duodecim (XII) libros,"Suetonius (Vita Vergilii), Vita Vergilii (Donatus/Suetonius), Suetonius/Donatus, Vita Vergilii 23 (The Latin Library (www.thelatinlibrary.com))",,Into how many books did Vergil arrange the Aeneid?,,Into twelve books,Vivienne,,,litterae,b,Aeneida' prosa prius oratione formatam digestamque in XII libros particulatim componere instituit.
113,Vivienne,,lat_latn,Rome,"Qui ludus Romanus antiquus a duobus lusoribus luditur, qui simul digitis micant et summam divinant?",Micatio,Carcopino 251 (https://archive.org/details/dailylifeinancie035465mbp/mode/2up),,What ancient Roman game is played by two players who simultaneously flash a number of fingers and guess the total sum?,,,Vivienne,,eng_latn,Leisure,r,
114,Vivienne,,lat_latn,Rome,Quot spatia missus solitus in Circo Maximo habet?,Septem,Carcopino 215 (https://archive.org/details/dailylifeinancie035465mbp/mode/2up),,How many laps does a typical race in the Circus Maximus include?,,,Vivienne,minor vocab change,eng_latn,Leisure,r,
115,Vivienne,,lat_latn,Rome,Qualis gladiator Romanus rete et tridentem gerere solet?,Retiarius,https://www.britannica.com/sports/gladiator#ref130873,,What type of Roman Gladiator usually carries a net and a trident?,,,Vivienne,,eng_latn,Leisure,o,
116,Vivienne,,lat_latn,Rome,Qualis gladiator Romanus oculis opertis pugnat?,Andabata,https://en.wikipedia.org/wiki/List_of_Roman_gladiator_types,,What type of Roman Gladiator fights blindfolded?,,,Vivienne,consistency,eng_latn,Leisure,r,
117,Vivienne,,lat_latn,Rome,Quid est nomen victūs Gladiatorum Romanorum?,Sagina Gladitoria,https://penelope.uchicago.edu/Thayer/E/Roman/Texts/secondary/SMIGRA*/Gladiatores.html,,What is the name for the diet of Roman Gladiators?,,,Vivienne,,eng_latn,Leisure,r,
118,Vivienne,,lat_latn,Rome,Quis est titulus maximi sacerdotii in Roma antiqua?,Pontifex Maximus,https://www.britannica.com/topic/pontifex-maximus,,What is the title for the highest religious position in Ancient Rome?,,,Vivienne,removed macrons,eng_latn,Religion,b,
119,Vivienne,,lat_latn,Rome,In honorem cuius Numinis Ludi Megalenses celebrantur?,Cybele,Cowell 185 (https://archive.org/details/everydaylifeinan0000frco_v7j1/mode/2up),,Which Deity is the Ludi Megalenses held in honor of?,,,Vivienne,,eng_latn,Religion,r,
120,Vivienne,Lee,lat_latn,Rome,Quod est Romanum nomen sacerdotis qui futura praedicit inspiciendo exta animalium immolatorum?,Haruspex,Cowell 183 (https://archive.org/details/everydaylifeinan0000frco_v7j1/mode/2up),,What is the Roman title for a religious official who predicts the future by inspecting the organs of sacrificed animals?,,,Vivienne,,eng_latn,Religion,b,
121,Vivienne,,lat_latn,Rome,"Quod est nomen parvi sacelli domestici, in domibus Romanis antiquis inventi, ubi familiae deos spiritusque domesticos colebant?",Lararium,https://exhibitions.kelsey.lsa.umich.edu/oplontis-leisure-and-luxury/shrine.php,,What is the name of the small domestic shrine found in Ancient Roman homes where families worship their household gods and spirits?,,,Vivienne,,eng_latn,Religion,b,
122,Vivienne,,lat_latn,Rome,Quam mixturam faciunt Vestales ad consecranda sacrificia?,Molam salsam,https://en.wikipedia.org/wiki/Mola_salsa,,What mixture do the Vestal Virgins make for consecrating sacrifices?,,,Vivienne,,eng_latn,Religion,r,
123,Vivienne,Lee,lat_latn,Rome,Quae Romana sacella in locis fulmine ictis aedificari solent?,Bidentalia,https://en.wikipedia.org/wiki/Bidental,,What Roman shrines are traditionally built on top of spots where lightning struck?,,,Vivienne,(fixed answer: the bidentales are the priests and the bidentalia are the shrines),eng_latn,Religion,r,
124,Vivienne,,lat_latn,Rome,Quod est nomen labri humilis in pavimento atrii quod aquam pluviam colligebat?,Impluvium,https://depts.washington.edu/hrome/Authors/jwang3/Romanatriumhouse-formandfunction/pub_zbarticle_view_printable.html,,What is the name for the shallow basin in the atrium floor that collected rainwater?,,,Vivienne,,eng_latn,Home/Living Spaces,b,
125,Vivienne,,lat_latn,Rome,In qua parte domus familiares in lectis accumbunt ut cenent?,Triclinium,https://penelope.uchicago.edu/Thayer/E/Roman/Texts/secondary/SMIGRA*/Triclinium.html,,In which room do family members recline on couches to eat?,,,Vivienne,vocab,eng_latn,Home/Living Spaces,b,
126,Vivienne,,lat_latn,Rome,Quo nomine appellatur systema quo pavimentum et parietes villarum Romanarum calefiebant?,Hypocaustum,,,What is the name of the subfloor system used to heat the floor and walls of Roman villas?,,,Vivienne,,eng_latn,Home/Living Spaces,o,
127,Vivienne,,lat_latn,Rome,Quid est area sub divo communis in villis Romanis?,Peristylum,https://en.wikipedia.org/wiki/Peristyle,,What is the open air courtyard common in Roman Villas?,,,Vivienne,,eng_latn,Home/Living Spaces,b,
128,Vivienne,,lat_latn,Rome,Quae locutio Latina prope ianuam domus Romanae pingi solet ut hospites de cane custode moneat?,Cave Canem,https://www.history.com/articles/cave-canem-pompeii-mosaic-beware-of-dog,,What Latin phrase is commonly painted near the entrance of a Roman house to warn visitors of a guard dog?,,,Vivienne,,eng_latn,Home/Living Spaces,b,
129,Vivienne,,lat_latn,Rome,Quod est praecipuum flumen quod per Romam fluit?,Tiber,Cowell 12 (https://archive.org/details/everydaylifeinan0000frco_v7j1/mode/2up),,What is the main river that flows through Rome?,,,Vivienne,,eng_latn,Geography,g,
130,Vivienne,,lat_latn,Rome,Quod mare provinciam Hispaniam ab ora Mauretaniae dividit?,Fretum Gaditanum,https://en.wikipedia.org/wiki/Strait_of_Gibraltar#History,,What body of water separates the province of Hispania from the coast of Mauretania?,,,Vivienne,,eng_latn,Geography,r,
131,Vivienne,,lat_latn,Rome,"Secundum Iulium Caesarem, quae gens septentriones Galliae incolit?",Belgae,https://www.britannica.com/topic/Belgae,,"According to Julius Caesar, which group inhabits the north of Gaul?",,,Vivienne,,eng_latn,Geography,o,
132,Vivienne,,lat_latn,Rome,In quot regiones Augustus Romam divisit?,Quattuordecim,https://en.wikipedia.org/wiki/14_regions_of_Augustan_Rome,,How many regions did Augustus divide Rome into?,,,Vivienne,,eng_latn,Geography,o,
133,Vivienne,,lat_latn,Rome,In quo colle Romae Augustus et multi alii imperatores sua palatia posuerunt?,In palatino,https://en.wikipedia.org/wiki/Palatine_Hill,,On which hill of Rome did Augustus and many other emperors place their palaces?,,,Vivienne,,eng_latn,Geography,b,
134,Vivienne,Lee,lat_latn,Rome,Quid vocatur primum ferculum Romani convivii?,Gustatio,Cowell 77 (https://archive.org/details/everydaylifeinan0000frco_v7j1/mode/2up),,What is the first course of a Roman formal dinner called?,,,Vivienne,,eng_latn,"Food, Cooking, and Dining",o,
135,Vivienne,,lat_latn,Rome,"Quae est vilissima faex piscaria fermentata, in fundo vasis relicta, qua plebs utitur?",Allec,https://en.wikipedia.org/wiki/Garum,,What is the lowest quality fermented fish sauce which is used by the lower classes?,,,Vivienne,,eng_latn,"Food, Cooking, and Dining",o,
136,Vivienne,,lat_latn,Rome,Quod vas fictile ad saginandos glires in epulas optimatium Romanorum adhibetur?,Glirarium,https://en.wikipedia.org/wiki/Glirarium,,What earthenware vessel is used to fatten dormice for elite Roman feasts?,,,Vivienne,,eng_latn,"Food, Cooking, and Dining",o,
137,Vivienne,,lat_latn,Rome,Quale genus vini albi Campani a multis optimum habetur?,Falernum,https://en.wikipedia.org/wiki/Falernian_wine,,What variety of white wine from Campania is considered by many to be the finest?,,,Vivienne,,eng_latn,"Food, Cooking, and Dining",o,
138,Vivienne,,lat_latn,Rome,Quae parvae chartulae amphorarum collis alligantur ut annus vini signetur?,Pittacia,Carcopino 269 (https://archive.org/details/dailylifeinancie035465mbp/mode/2up),,What small slips of paper are tied to the necks of amphorae to mark the vintage year?,,,Vivienne,altered to fix slight ambiguity,eng_latn,"Food, Cooking, and Dining",r,
139,Vivienne,,lat_latn,Rome,"Quod amuletum tutelare a pueris Romanis ingenuis gestatur ad mala arcenda, donec togam virilem sumant?",Bulla,Cowell 36 (https://archive.org/details/everydaylifeinan0000frco_v7j1/mode/2up),,What protective amulet is worn by freeborn Roman boys to ward off evil until they come of age?,,,Vivienne,,eng_latn,Clothing,b,
140,Vivienne,,lat_latn,Rome,Quae materia uritur ut vestes candidiores fiant?,Sulphur,https://www.worldhistory.org/article/46/the-fullers-of-ancient-rome/,,What material is burned in the toga bleaching process in order to whiten clothing?,,,Vivienne,altered to fix ambiguity and redundancy,eng_latn,Clothing,r,
141,Vivienne,,lat_latn,Rome,"Quae sunt calceamenta solita, gravibus soleis, quae ā legionariis Romanis geruntur?",Caligae,https://en.wikipedia.org/wiki/Caligae,,"What are the standard, heavy soled sandals that are worn by Roman Legionnaires?",,,Vivienne,,eng_latn,Clothing,o,
142,Vivienne,,lat_latn,Rome,"Secundum Festum, quo nodo cingulum sponsae Romanae ligatur?",Nodo Herculaneo,https://en.wikipedia.org/wiki/Weddings_in_ancient_Rome,,"According to Festus, what type of belt is worn by Roman brides?",,,Vivienne,,eng_latn,Clothing,o,
143,Vivienne,,lat_latn,Rome,Quales tunicae a senatoribus Romanis geruntur?,Laticlavia,https://en.wikipedia.org/wiki/Laticlave,,What type of tunics are worn by Roman Senators?,,,Vivienne,,eng_latn,Clothing,o,
144,Vivienne,,lat_latn,Rome,"Quid molle et sine ora, signum libertatis, Saturnalibus etiam a servis in capite gestatur?",Pileus,https://penelope.uchicago.edu/encyclopaedia_romana/calendar/saturnalia.html,,What type of hat is traditionally worn during Saturnalia?,,,Vivienne,gave away answer,eng_latn,Festivals,b,
145,Vivienne,,lat_latn,Rome,Quis est titulus regis ludicri Saturnalibus electi?,Saturnalicius princeps,https://ancientromelive.org/saturnalia-the-jolliest-week-in-ancient-rome/,,What is the title of the mock king elected during Saturnalia?,,,Vivienne,,eng_latn,Festivals,o,
146,Vivienne,,lat_latn,Rome,Qualia sigilla fictilia sunt communia munera Saturnalicia?,Sigiillaria,https://en.wikipedia.org/wiki/Sigillaria_(ancient_Rome),,What type of clay figurines are common Saturnalia presents?,,,Vivienne,,eng_latn,Festivals,o,
147,Vivienne,,lat_latn,Rome,Quae liba deo Summano ex more offeruntur pridie solstitium aestivum?,Summmalia,https://en.wikipedia.org/wiki/Summanus,,Which baked goods are traditionally offered to the god Summanus on the day before summer solstice?,,,Vivienne,,eng_latn,Festivals,r,
148,Vivienne,Lee,lat_latn,Rome,Quantum est solitum pretium introitus in balnea Romana publica?,Quadrans,Carcopino 254 (https://archive.org/details/dailylifeinancie035465mbp/mode/2up),,What is the typical entry fee for the Roman public baths?,,,Vivienne,,eng_latn,Infrastructure and Public Spaces,o,
149,Vivienne,Lee,lat_latn,Rome,"Quod conclave Romanus, post tepidariumque caldariumque, intrat?",Frigidarium,Carcopino 261 (https://archive.org/details/dailylifeinancie035465mbp/mode/2up),,What room does a Roman bather enter after the tepidarium and caldarium?,,,Vivienne,,eng_latn,Infrastructure and Public Spaces,b,
150,Vivienne,,lat_latn,Rome,"Qui ludus, in palaestra vulgo lusus, pila pennis farta utitur?",Harpastum,Carcopino 259 (https://archive.org/details/dailylifeinancie035465mbp/mode/2up),,What Game commonly played in the Palaestra uses a ball filled with feathers?,,,Vivienne,,eng_latn,Infrastructure and Public Spaces,r,
151,Vivienne,,lat_latn,Rome,Quod est nomen systematis cloacarum subterranei quod sordes Roma in Tiberim deportat?,Cloaca Maxima,https://en.wikipedia.org/wiki/Cloaca_Maxima,,What is the name of the underground sewer system that drains waste from Rome into the Tiber River?,,,Vivienne,,eng_latn,Infrastructure and Public Spaces,o,
152,Vivienne,,lat_latn,Rome,Quae structura aquam trans valles in urbes Romanas ducit?,Aquaductus,https://en.wikipedia.org/wiki/Roman_aqueduct,,What structure carries water across valleys into Roman cities?,,,Vivienne,,eng_latn,Infrastructure and Public Spaces,g,
153,Vivienne,,lat_latn,Rome,Quo nomine appellatur systema publicam vehiculorum et manisonum quo nuntii et magistratus Romani per imperium celeriter iter faciebant?,Cursus publicus,https://en.wikipedia.org/wiki/Cursus_publicus,,What is the official state postal and courier system of the Roman Empire?,,,Vivienne,gave away answer,eng_latn,Transportation,o,
154,Vivienne,,lat_latn,Rome,"Quod est vehiculum leve, duabus rotis instructum, uno equo vel mulo tractum, quo Romani ad celeria itinera privata utebantur?",Cisium,https://penelope.uchicago.edu/Thayer/E/Roman/Texts/secondary/SMIGRA*/Cisium.html,,"What is the light, two-wheeled, one-horse (or mule) carriage used by Romans for quick personal travel?",,,Vivienne,vocab changed to be more classical,eng_latn,Transportation,o,
155,Vivienne,,lat_latn,Rome,Quae clara via Romam et Brundisium iungit?,Via Appia,https://en.wikipedia.org/wiki/Appian_Way,,What famous road connects Rome to Brindisi?,,,Vivienne,,eng_latn,Transportation,g,
156,Vivienne,,lat_latn,Rome,"Quod est nomen navis longae velocis, tribus ordinibus remorum, quae in classe Romana praecipua est?",Trireme,https://en.wikipedia.org/wiki/Trireme,,"What is the name of the fast, oared warship with three banks of oars that is a staple in the Roman navy?",,,Vivienne,,eng_latn,Transportation,b,
157,Vivienne,,lat_latn,Rome,Qua machina Romani utuntur ad naves conscendendas?,Corvus,https://en.wikipedia.org/wiki/Corvus_(boarding_device),,What device is used by Romans to board naval ships?,,,Vivienne,,eng_latn,Transportation,r,
158,Vivienne,Lee,lat_latn,Rome,Quo nomine Romani diem quintum (vel in quibusdam mensibus septimum) cuiusque mensis vocabant?,Nonae,https://en.wikipedia.org/wiki/Roman_calendar,,By what name did Romans call the 5th (or in some months 7th) day of the month?,,,Vivienne,clears up ambiguity,eng_latn,Time and Measurement,b,
159,Vivienne,Lee,lat_latn,Rome,In quot partes vigiliae nocturnae Romanae dividi solent?,Quattor,https://commons.wikimedia.org/wiki/File:Ancient_Roman_time_keeping_hora_vigilia.png,,Into how many parts are Roman night watches typically divided?,,,Vivienne,,eng_latn,Time and Measurement,o,
160,Vivienne,Lee,lat_latn,Rome,Quod instrumentum Romanum horas aqua metitur?,Clepsydra,Carcopino 146 (https://archive.org/details/dailylifeinancie035465mbp/mode/2up),,What Roman device uses water to measure the hours?,,,Vivienne,,eng_latn,Time and Measurement,r,
161,Vivienne,,lat_latn,Rome,Quod nomen Romanum primi diei cuiusque mensis erat?,Kalendae,https://en.wikipedia.org/wiki/Roman_calendar,,What is the roman term for the first day of each month?,,,Vivienne,,eng_latn,Time and Measurement,b,
162,Vivienne,,lat_latn,Rome,Quae est praecipua unitas ponderis Romana?,Libra,https://en.wikipedia.org/wiki/Pound_(mass),,What is the basic Roman unit of weight?,,,Vivienne,vocab made more classical,eng_latn,Time and Measurement,b,
163,Vivienne,,lat_latn,Rome,Quod est vocabulum servi aut liberti qui pueros Romanos ad ludum et de ludo comitabatur?,Paedagogus,https://en.wikipedia.org/wiki/Paedagogus_(occupation),,What is the term for the slave or freedman who accompanied Roman children to and from school?,,,Vivienne,,eng_latn,Education,b,
164,Vivienne,,lat_latn,Rome,Qua aetate plerique pueri Romani litterarum studia incipere solent?,Septennis,Johnston 74 (https://www.gutenberg.org/files/40549/40549-h/40549-h.htm),,At what age do most Roman boys typically begin their formal education?,,,Vivienne,,eng_latn,Education,o,
165,Vivienne,,lat_latn,Rome,"Quod est nomen magistri ludi qui pueros Romanos parvos prima elementa legendi, scribendi, ratiocinandique docebat?",Litterator,https://en.wiktionary.org/wiki/litterator,,"What is the name of the school teacher who taught young Roman children basic reading, writing, and arithmetic?",,,Vivienne,,eng_latn,Education,o,
166,Vivienne,,lat_latn,Rome,Quo communi nomine Graeco appellantur illae quattuordecim exercitationes praeparatoriae quas discipuli Romani ediscebant antequam ad rhetoricam ipsam accederent?,Progymnasmata,https://en.wikipedia.org/wiki/Progymnasmata,,What collective Greek name refers to the 14 preliminary exercises Roman students master before learning full public debate?,,,Vivienne,,eng_latn,Education,o,
167,Vivienne,Lee,lat_latn,Rome,Quod est Latinum nomen voluti papyracei?,Volumen,https://penelope.uchicago.edu/~grout/encyclopaedia_romana/scroll/scrollcodex.html,,What is the Roman term for a scrolled item of papyrus?,,,Vivienne,,eng_latn,Education,b,
168,Vivienne,,lat_latn,Rome,Quo instrumento oleum sudorque de cute raditur post balneum aut exercitationem?,Strigilis,https://en.wikipedia.org/wiki/Strigil,,What tool is used to scrape oil and sweat from the skin after bathing or exercise?,,,Vivienne,,eng_latn,Health and Hygiene,b,
169,Vivienne,,lat_latn,Rome,Quo nomine appellantur oleosa de cute gladiatorum collecta et in usum cosmeticum vel medicinalem vendita?,Strigimentum,https://imperiumromanum.pl/en/curiosities/strigimentum-exfoliated-epidermis-sweat-and-oil/,,What Latin term describes the oily scrapings collected from gladiators' skin and sold as a cosmetic or medicinal remedy?,,,Vivienne,,eng_latn,Health and Hygiene,r,
170,Vivienne,Lee,lat_latn,Rome,Quod Romanum vasculum ad continenda unguenta et medicamina adhiberi solet?,Unguentarium,https://en.wikipedia.org/wiki/Unguentarium,,What Roman vessel is typically used to hold perfumes and cosmetics?,,,Vivienne,,eng_latn,Health and Hygiene,o,
171,Vivienne,Lee,lat_latn,Rome,Qua materia alba Romanae mulieres utuntur ut facies suas dealbent?,Cerussa,https://en.wikipedia.org/wiki/Ceruse,,What white substance do Roman women use to whiten their faces?,,,Vivienne,,eng_latn,Health and Hygiene,r,
172,Vivienne,Lee,lat_latn,Rome,Quod nomen est servae quae crines matronae Romanae divitis cottidie mane comit?,Ornatrix,https://www.museivaticani.va/content/museivaticani/en/collezioni/musei/galleria-lapidaria/sezione-vi--il-mondo-del-lavoro--professioni-e-mestieri/lastra-con-epitaffio-di-unacconciatrice.html,,What is the name for the slave who styles a wealthy Roman woman's hair every morning?,,,Vivienne,,eng_latn,Health and Hygiene,o,
173,Vivienne,Lee,lat_latn,Rome,Quod instrumentum Romanum calefactum ad capillos crispandos adhibetur?,Calamistrum,https://en.wikipedia.org/wiki/Roman_hairstyles,,What Roman heated device is used to curl hair?,,,Vivienne,removed macrons,eng_latn,Health and Hygiene,o,
174,Vivienne,Lee,lat_latn,Rome,Quis artifex vestimenta Romana purgat?,Fullo,https://en.wikipedia.org/wiki/Fullo,,What professional person cleans Roman clothing?,,,Vivienne,,eng_latn,Health and Hygiene,o,
175,Vivienne,Lee,lat_latn,Rome,In qua taberna vestimenta Romana purgantur?,In fullonica,https://en.wikipedia.org/wiki/Fullo,,In what shop can you get Roman clothes cleaned?,,,Vivienne,removed macrons/stylistic,eng_latn,Health and Hygiene,o,
176,Vivienne,Lee,lat_latn,Rome,"Quod festum Romanum, medio mense Februario celebratum, ritus fertilitatis continebat?",Lupercalia,https://en.wikipedia.org/wiki/Lupercalia,,What is the Roman festival held in mid-February that involved fertility rites?,,,Vivienne,,eng_latn,Love and Courtship,b,
177,Vivienne,Lee,lat_latn,Rome,Qui anulus Romanus sponsalibus datur?,Anulus pronubus,https://www.jewelpedia.net/roman-wedding-rings/,,What Roman ring is given at a betrothal?,,,Vivienne,,eng_latn,Love and Courtship,o,
178,Vivienne,Lee,lat_latn,Rome,"Quod est nomen deae Romanae nuptiarum et partus, quae saepe in nuptiis invocatur?",Iuno,https://en.wikipedia.org/wiki/Juno_(mythology),,"What is the name of the Roman goddess of marriage and childbirth, often invoked at weddings?",,,Vivienne,,eng_latn,Love and Courtship,g,
179,Vivienne,Lee,lat_latn,Rome,Quod erat nomen carminis sacri Romani quod extra thalamum nuptialem nocte nuptiali cantabatur?,Epithalamium,https://en.wikipedia.org/wiki/Epithalamium,,What was the name for the ritual Roman song sung outside the bridal chamber on the wedding night?,,,Vivienne,,eng_latn,Love and Courtship,o,
180,Vivienne,,lat_latn,Rome,"Quod vocabulum Latinum significat formam matrimonii in qua uxor sub potestate patris sui, potius quam viri sui, remanebat?",Sine manu,https://en.wikipedia.org/wiki/Manus_marriage,,What Latin term describes the legal form of marriage in which the wife remained under her father's authority rather than her husband's?,,,Vivienne,,eng_latn,Love and Courtship,o,
181,Vivienne,,lat_latn,Rome,Quis puer patrimus et matrimus cumerum in pompa nuptiali fert?,Camillus,https://europe.factsanddetails.com/article/entry-1127.html,,"What boy, required to have both parents living, carries the offering basket in a wedding procession?",,,Vivienne,,eng_latn,Love and Courtship,r,
182,Vivienne,,lat_latn,Rome,"Quae est formatio defensiva qua legionarii, scutis supra et undique coniunctis, quasi tectum densum contra tela hostium faciunt?",Testudo,https://en.wikipedia.org/wiki/Testudo_formation,,What defensive formation involves legionaries interlocking their shields overhead and on all sides?,,,Vivienne,gave away answer,eng_latn,Warfare,b,
183,Vivienne,Lee,lat_latn,Rome,Quo genere clipei oblongi et rectanguli legionarii utuntur ad testudinis formationem creandam?,Scutum,https://www.unrv.com/military/testudo-formation.php,,What shield is usually used in forming the testudo?,,,Vivienne,(LB: hanc formationem -> testudinis formationem; q&a should be standalone),eng_latn,Warfare,b,
184,Vivienne,,lat_latn,Rome,Quod iusiurandum sollemne dicit miles Romanus cum nomen dat?,Sacramentum,https://en.wikipedia.org/wiki/Sacramentum_(oath),,What is the military oath a Roman soldier swears upon enlistment?,,,Vivienne,gave away answer,eng_latn,Warfare,o,
185,Vivienne,,lat_latn,Rome,"Quae est poena crudelis qua decimus quisque miles cohortis, ignaviae aut seditionis damnatae, necatur?",Decimatio,https://en.wikipedia.org/wiki/Decimation_(punishment),,What brutal punishment involves executing every tenth man in a cohort found guilty of cowardice or mutiny?,,,Vivienne,,eng_latn,Warfare,b,
186,Vivienne,,lat_latn,Rome,Quod frumentum milites superstites cohortis decimatae pro tritico edere coguntur?,Hordeum,https://en.wikipedia.org/wiki/Decimation_(punishment),,What grain are the surviving soldiers of a decimated unit forced to eat instead of wheat?,,,Vivienne,,eng_latn,Warfare,r,
187,Vivienne,,lat_latn,Rome,Quae ars musiva tesseris minutis utitur et nomen trahit ex lineis flexuosis quae reptationem vermium imitantur?,Opus vermiculatum,https://en.wikipedia.org/wiki/Opus_vermiculatum,,"What mosaic technique uses tiny tesserae and gets its name from the ""worm-like"" rows it produces?",,,Vivienne,gave away answer,eng_latn,Arts,b,
188,Vivienne,,lat_latn,Rome,"Quae rudior ars musiva, tesseris maioribus utens, plerumque ad margines emblematis medii adhibebatur?",Opus tessellatum,https://en.wikipedia.org/wiki/Opus_tessellatum,,"What coarser mosaic technique, using larger tesserae, was typically used for the borders surrounding a mosaic's central emblema?",,,Vivienne,,eng_latn,Arts,b,
189,Vivienne,,lat_latn,Rome,Quae multiplex lingua manuum in pantomimo Romano usurpatur?,Chironomia,https://en.wikipedia.org/wiki/Pantomime_Villain,,What complex hand-language is used in Roman pantomime?,,,Vivienne,,eng_latn,Arts,r,
190,Vivienne,,lat_latn,Rome,Quod nomen erat seni stulto in fabulis Atellanis?,Pappus,https://en.wikipedia.org/wiki/Atellan_Farce,,What was the name of the foolish old man stock character in Atellan farce?,,,Vivienne,,eng_latn,Arts,o,
191,Vivienne,,lat_latn,Rome,Quod nomen erat personae statariae scurrilis et edacis in fabula Atellana?,Maccus,https://en.wikipedia.org/wiki/Atellan_Farce,,"What was the name of the clownish, gluttonous stock character in Atellan farce?",,,Vivienne,,eng_latn,Arts,o,
192,Vivienne,Lee,lat_latn,Rome,Quis saltator tacitus solus omnes partes fabulae Romanae personis et gestibus significantibus egit?,Pantomimus,https://en.wikipedia.org/wiki/Pantomime_Villain,,"What non-speaking dancer performed all the characters of a Roman story solo, using masks and expressive gestures?",,,Vivienne,,eng_latn,Arts,b,
193,Vivienne,,lat_latn,Rome,Qui calceus tamquam instrumentum in pantomimo Romano adhibetur?,Scabellum,https://en.wikipedia.org/wiki/Scabellum,,What shoe is used as an instrument in Roman pantomime?,,,Vivienne,,eng_latn,Arts,r,
194,Vivienne,,lat_latn,Rome,Quod est nomen ordinis honorum quos vir publicus Romanus ascendere debet?,Cursus honorum,https://en.wikipedia.org/wiki/Cursus_honorum,,What is the name of the sequential ladder of public offices a Roman politician has to climb?,,,Vivienne,,eng_latn,Government,o,
195,Vivienne,,lat_latn,Rome,Qui infimus honos in cursu honorum erat?,Quaestor,https://en.wikipedia.org/wiki/Cursus_honorum,,What was the lowest formal office on the cursus honorum?,,,Vivienne,stylistic,eng_latn,Government,o,
196,Vivienne,,lat_latn,Rome,In qua sella solis magistratibus cum imperio sedere licet?,Sella curulis,https://en.wikipedia.org/wiki/Curule_seat,,What chair are only magistrates holding Imperium allowed to sit on?,,,Vivienne,,eng_latn,Government,o,
197,Vivienne,,lat_latn,Rome,Quis est unicus magistratus in Re Publica duodeviginti mensium?,Censor,https://en.wikipedia.org/wiki/Roman_censor,,What is the only office in the Republic with an eighteen-month term?,,,Vivienne,,eng_latn,Government,o,
198,Vivienne,,lat_latn,Rome,"Qui magistratus extraordinarius, a Senatu in sex menses solos creatus, summum imperium militare civileque habet?",Dictator,https://en.wikipedia.org/wiki/Roman_dictator,,"What emergency office, appointed by the Senate for a term of only six months, holds absolute military and civil authority?",,,Vivienne,,eng_latn,Government,g,
199,Vivienne,,lat_latn,Rome,Quae quattuor litterae auctoritatem rei publicae Romanae significant?,SPQR,https://en.wikipedia.org/wiki/SPQR,,What four letters symbolize the authority of the Roman Republican government?,,,Vivienne,,eng_latn,Government,g,
200,Vivienne,,lat_latn,Rome,Qui magistratus solis plebeis patet?,Tribunus plebis,https://en.wikipedia.org/wiki/Tribune_of_the_plebs#,,What office is reserved exclusively for plebeians?,,,Vivienne,,eng_latn,Government,b,
201,Vivienne,,lat_latn,Rome,"Quis est praecipuus nummus argenteus Romanus, qui primo decem assibus aeneis valebat?",Denarius,https://en.wikipedia.org/wiki/Denarius,,"What is the standard silver coin of Rome, originally worth ten bronze asses?",,,Vivienne,,eng_latn,Money,b,
202,Vivienne,,lat_latn,Rome,Qui nummus quartam partem denarii valet?,Sestertius,https://en.wikipedia.org/wiki/Sestertius,,What coin is valued at one-quarter of a denarius?,,,Vivienne,,eng_latn,Money,o,
203,Vivienne,,lat_latn,Rome,Quod templum continet aerarium publicum Romae?,Templum Saturni,https://en.wikipedia.org/wiki/Temple_of_Saturn,,What temple houses Rome's public treasury?,,,Vivienne,,eng_latn,Money,b,
204,Vivienne,Lee,lat_latn,Rome,Qui nummis Romanis mutandis praesunt?,Argentarii,https://en.wikipedia.org/wiki/Banking_in_ancient_Rome,,What people are in charge of Roman money changing?,,,Vivienne,,eng_latn,Money,o,
205,Vivienne,Lee,lat_latn,Rome,Qui a re publica Romana constituebantur in rerum angustiis ut civibus de aere alieno subvenirent?,Mensarii,https://en.wikipedia.org/wiki/Banking_in_ancient_Rome,,Who are the people appointed by the Roman state to help citizens manage debt during economic hardship?,,,Vivienne,,eng_latn,Money,r,
206,Vivienne,,lat_latn,Rome,Qui nummos Romanos probabant et falsos a genuinis distinguebant?,Nummularii,https://en.wikipedia.org/wiki/Banking_in_ancient_Rome,,What officials minted and tested the purity of Roman currency?,,,Vivienne,,eng_latn,Money,o,
207,Vivienne,,lat_latn,Rome,"Quis erat nummus aureus praecipuus Romae, par viginti quinque denariis argenteis?",Aureus,https://www.britannica.com/topic/aureus,,"What was Rome's basic gold coin, equal to 25 silver denarii?",,,Vivienne,,eng_latn,Money,b,
208,Vivienne,,lat_latn,Rome,Quem titulum Senatus Augusto anno secundo ante Christum natum contulit?,Pater Patriae,https://en.wikipedia.org/wiki/Augustus,,What title did the Senate award Augustus in 2 BC?,,,Vivienne,,eng_latn,Important Figures,o,
209,Vivienne,,lat_latn,Rome,"Quod fuit nomen pristinum heredis adoptati Caesaris, qui primus imperator Romae factus est?",Octavius,https://en.wikipedia.org/wiki/Augustus,,What was the original nomen of Caesar's adopted heir who became Rome's first emperor?,,,Vivienne,,eng_latn,Important Figures,b,
210,Vivienne,,lat_latn,Rome,Qui dux tres legiones Romanas in Saltu Teutoburgiensi vicit?,Arminius,https://en.wikipedia.org/wiki/Augustus,,What general defeated three Roman legions in the Teutoburg Forest?,,,Vivienne,,eng_latn,Important Figures,r,
211,Vivienne,,lat_latn,Rome,"Quod nomen equo Caligulae fuit, quem consulem facere voluisse dicitur?",Incitatus,https://en.wikipedia.org/wiki/Incitatus,,What was the name of Caligula's horse whom he purportedly wished to make consul?,,,Vivienne,,eng_latn,Important Figures,o,
212,Vivienne,,lat_latn,Rome,Quis ex primis triumviris contra Parthos pugnans occisus est?,Crassus,https://en.wikipedia.org/wiki/First_Triumvirate,,Which member of the first Triumvirate was killed fighting the Parthians?,,,Vivienne,,eng_latn,Important Figures,b,
213,Vivienne,,lat_latn,Rome,Qui tribunus rogationem agrariam Tiberii Gracchi vetabat?,Marcus Octavius,https://en.wikipedia.org/wiki/Marcus_Octavius_(tribune_of_the_plebs_133_BC),,Which tribune kept vetoing Tiberius Gracchus's land bill?,,,Vivienne,,eng_latn,Important Figures,r,
214,Vivienne,,lat_latn,Rome,Quis erat tertius socius societatis privatae quae Iulium Caesarem et Crassum continebat?,Gnaeus Pompeius Magnus/pompey,https://en.wikipedia.org/wiki/First_Triumvirate,,Who was the third member of the informal alliance that included Julius Caesar and Crassus?,,,Vivienne,,eng_latn,Important Figures,g,
215,Vivienne,,lat_latn,Rome,A qua dea Iulius Caesar se ortum esse praedicabat?,Venus,https://en.wikipedia.org/wiki/Julius_Caesar#Literary_works,,Which godess did Julius Caesar claim to be descended from?,,,Vivienne,,eng_latn,Important Figures,b,
216,Vivienne,,lat_latn,Rome,"Quot mensibus Pompeius, hoc imperio dato, Mare Internum a piratis purgavit?",Three months,https://en.wikipedia.org/wiki/Lex_Gabinia_de_piratis_persequendis,,How many months did it take Pompey to clear the Mediterranean of pirates once granted this command?,,,Vivienne,,eng_latn,Important Figures,r,
217,Vivienne,,lat_latn,Rome,Quo proelio anno LIII a.C. Crassus occisus est?,Carrhae,https://historycollection.com/rise-fall-first-triumvirate-4-critical-events-influenced-alliance-caesar-crassus-pompey/,,What battle in 53 BC resulted in Crassus's death?,,,Vivienne,,eng_latn,Important Figures,o,
218,Vivienne,,lat_latn,Rome,"Qui dives consiliarius Augusti clarus erat quod poetas, ut Vergilium et Horatium, fovebat?",Maecenas,https://en.wikipedia.org/wiki/Gaius_Maecenas,,What wealthy advisor to Augustus was famous for funding poets like Virgil and Horace?,,,Vivienne,,eng_latn,Literature,b,
219,Vivienne,Lee,lat_latn,Rome,"Quo nomine vocantur Romani celeberrimi illi conventus, ubi auctores scripta sua nova primum recitabant auditoribus adhibitis?",Recitationes,https://www.thebeliever.net/the-ancient-roman-reading-craze/,,What is the name for the famous Roman public reading events where authors debuted new work aloud to an invited audience?,,,Vivienne,,eng_latn,Literature,o,
220,Vivienne,,lat_latn,Rome,Quis poeta Romanus Georgica Aeneidemque scripsit?,Publius Vergilius Maro/Virgil,https://en.wikipedia.org/wiki/Virgil,,What Roman poet wrote the Georgics and the Aeneid?,,,Vivienne,,eng_latn,Literature,g,
221,Vivienne,Lee,lat_latn,Rome,"In quam materiam liquidam atram, ex fuligine et gummi et aqua mixtis factum, scribae Romani calamos tingebant?",Atramentum,https://penelope.uchicago.edu/~grout/encyclopaedia_romana/scroll/scrollcodex.html,,"What dark liquid, made from soot mixed with gum and water, did Roman scribes dip their reed pens into?",,,Vivienne,,eng_latn,Literature,r,
222,Vivienne,Lee,lat_latn,Rome,"Quid parvum et rubrum, Romano volumini affixum, nomen auctoremque eius indicat?",Titulus,https://penelope.uchicago.edu/~grout/encyclopaedia_romana/scroll/scrollcodex.html,,"What small red tag, attached to a Roman scroll, identifies its title and author?",,,Vivienne,,eng_latn,Literature,o,
223,Vivienne,,lat_latn,Rome,"In Aeneide, quae regina Carthaginiensis Aenean misere adamavit et, postquam ab eo relicta est, sibi mortem conscivit?",Dido,https://en.wikipedia.org/wiki/Dido,,"In the Aeneid, what Carthaginian queen fell tragically in love with Aeneas and killed herself after he abandoned her?",,,Vivienne,,eng_latn,Literature,g,
224,Vivienne,,lat_latn,Rome,In quod remotum oppidum Ponticum Augustus poetam Ovidium relegavit?,Tomis,https://en.wikipedia.org/wiki/Exile_of_Ovid,,What remote Black Sea town did Augustus banish the poet Ovid to?,,,Vivienne,,eng_latn,Literature,o,
225,Vivienne,,lat_latn,Rome,Quod corpus elegiarum Ovidius exsul de fortuna sua deploranda scripsit?,Tristia,https://en.wikipedia.org/wiki/Tristia,,What collection of mournful elegiac poems did Ovid write during his first three years in exile?,,,Vivienne,,eng_latn,Literature,b,
226,Vivienne,,lat_latn,Rome,De quibus parvis deliciis puellae suae Catullus duo e carminibus suis clarissimis scripsit?,Passer,https://en.wikipedia.org/wiki/Catullus_3,,"What small pet, belonging to his lover, did Catullus write two of his most famous poems about?",,,Vivienne,,eng_latn,Literature,b,
227,Vivienne,,lat_latn,Rome,Quo nomine ficto Catullus in carminibus suis pro amata sua usus est?,Lesbia,https://en.wikipedia.org/wiki/Lesbia,,What pseudonym did Catullus use for his lover in his poetry?,,,Vivienne,,eng_latn,Literature,g,
228,Vivienne,,lat_latn,Rome,"Quod fuit primum Romae corpus legum scriptum, in aere inscriptum et in Foro propositum anno CDXLIX a.C.n.?",Lex Duodecim Tabularum,https://en.wikipedia.org/wiki/Twelve_Tables,,"What was Rome's first written law code, inscribed on bronze and displayed in the Forum in 449 BC?",,,Vivienne,,eng_latn,Law,b,
229,Vivienne,,lat_latn,Rome,Quo nomine appellatur summa potestas legitima quam pater familias in liberos posterosque habebat?,Patria potestas,https://en.wikipedia.org/wiki/Pater_familias,,What term describes the absolute legal authority a father held over his children and descendants?,,,Vivienne,,eng_latn,Law,b,
230,Vivienne,,lat_latn,Rome,"Secundum Duodecim Tabulas, quotiens pater filium suum vendere debebat antequam tandem a patria potestate liberaretur?",Ter,https://en.wikipedia.org/wiki/Pater_familias,,"According to the Twelve Tables, how many times did a father have to sell his son into slavery before the son was finally freed from his power?",,,Vivienne,,eng_latn,Law,r,
231,Vivienne,,lat_latn,Rome,Quae lex prior anno CDXLV a.C.n. vetitum Duodecim Tabularum abrogavit et conubium inter patricios et plebeios permisit?,Lex Canuleia,https://en.wikipedia.org/wiki/Roman_law,,What law of 445 BC overturned the Twelve Tables' ban and legalized marriage between patricians and plebeians?,,,Vivienne,,eng_latn,Law,r,
232,Vivienne,,lat_latn,Rome,Quae lex tribunos plebis vetuit ullum ulteriorem magistratum gerere?,Lex Cornelia de tribunicia potestate,https://en.wikipedia.org/wiki/Constitutional_reforms_of_Sulla,,What law forbade former tribunes of the plebs from holding any further magistracy?,,,Vivienne,,eng_latn,Law,r,
233,Vivienne,,lat_latn,Rome,"Quod erat nomen magnae cohortis, ad urbem noctu tuendam et ab incendiis defendendam ab Augusto institutae?",Vigiles,https://en.wikipedia.org/wiki/Augustus,,What was the name of the great fire brigade and police force Augustus organized to protect the city?,,,Vivienne,,eng_latn,Law,o,